Average AUC,Average AUC Features,DT AUC,DT AUC Features,RFW AUC,RFW AUC Features,NAIVE BAYES AUC,NAIVE BAYES Features,KNN AUC,KNN Features,LOGISTIC REGRESSION AUC,LOGISTIC REGRESSION Features
0.8666666666666668,"Complexity, molCharge_total, molArea",1.0,"PSA/Area, molArea, molLogP",0.9629629629629629,"molArea, molPSA, molLogP",0.9259259259259259,"C_R0, nof_Atoms, molWeight",0.9259259259259259,"nof_posCharge, nof_Chirals, molLogP",0.8888888888888888,"Complexity, nof_Atoms, molLogS"
0.8518518518518519,"Complexity, PSA/Area, molArea",0.9259259259259259,"nof_HBD, nof_Chirals, nof_Atoms",0.9629629629629629,"PSA/Area, molLogP, molWeight",0.9259259259259259,"C_R0, nof_Atoms, molVolume",0.9259259259259259,"C_R0, nof_negCharge, nof_Rings",0.8888888888888888,"C_R2, nof_HBA, molLogS"
0.8518518518518519,"a_heavy, nof_HBA, molLogP",0.9259259259259259,"molCharge_total, molPSA, molLogP",0.9629629629629629,"PSA/Area, molLogP, molVolume",0.9259259259259259,"C_R0, nof_Atoms, molArea",0.8888888888888888,"nof_HBD, PSA/Area, molLogS",0.8888888888888888,"nof_RotB, PSA/Area, molVolume"
0.8518518518518519,"nof_RotB, nof_posCharge, molLogS",0.9259259259259259,"molCharge_total, molArea, molLogP",0.9629629629629629,"PSA/Area, molArea, molLogS",0.9259259259259259,"C_R0, a_heavy, nof_Atoms",0.8888888888888888,"molCharge_total, nof_Chirals, molLogP",0.8518518518518519,"molArea, molPSA, molLogS"
0.8518518518518519,"nof_Fragments, nof_HBD, nof_HBA",0.9259259259259259,"molCharge_total, nof_HBA, nof_Atoms",0.9629629629629629,"nof_Atoms, molArea, molLogP",0.9259259259259259,"nof_RotB, C_R0, molVolume",0.8888888888888888,"molCharge_total, nof_HBA, molLogS",0.8518518518518519,"PSA/Area, molArea, molPSA"
0.8518518518518519,"nof_Fragments, nof_RotB, molLogP",0.9259259259259259,"Complexity, molArea, molVolume",0.9629629629629629,"nof_Chirals, molLogP, molVolume",0.9259259259259259,"nof_Fragments, C_R0, molWeight",0.8888888888888888,"nof_Rings, nof_HBA, molLogS",0.8518518518518519,"nof_Atoms, molPSA, molVolume"
0.8444444444444444,"nof_HBA, nof_Atoms, molLogS",0.9259259259259259,"Complexity, molCharge_total, molVolume",0.9629629629629629,"nof_Chirals, molLogS, molWeight",0.9259259259259259,"nof_Fragments, C_R0, nof_HBA",0.8888888888888888,"nof_posCharge, nof_HBD, molLogS",0.8518518518518519,"nof_Atoms, molArea, molPSA"
0.8444444444444444,"molCharge_total, molArea, molPSA",0.9259259259259259,"Complexity, molCharge_total, molArea",0.9629629629629629,"nof_Chirals, molLogS, molVolume",0.8888888888888888,"nof_Chirals, nof_Atoms, molWeight",0.8888888888888888,"C_R2, nof_Chirals, molLogP",0.8518518518518519,"nof_Atoms, PSA/Area, molPSA"
0.8444444444444444,"Complexity, molArea, molLogS",0.9259259259259259,"Complexity, nof_Rings, molVolume",0.9629629629629629,"nof_Chirals, molPSA, molLogP",0.8888888888888888,"C_R0, molLogP, molVolume",0.8888888888888888,"C_R2, nof_HBA, molLogP",0.8518518518518519,"nof_HBA, molArea, molLogP"
0.8444444444444444,"Complexity, molArea, molPSA",0.9259259259259259,"nof_negCharge, molArea, molLogP",0.9629629629629629,"nof_Chirals, molArea, molLogP",0.8888888888888888,"C_R0, molArea, molPSA",0.8888888888888888,"C_R2, nof_HBA, molLogS",0.8518518518518519,"nof_HBA, molArea, molLogS"
0.8444444444444444,"nof_negCharge, nof_HBA, nof_Atoms",0.9259259259259259,"nof_negCharge, nof_HBA, nof_Atoms",0.9629629629629629,"nof_Chirals, molArea, molLogS",0.8888888888888888,"C_R0, nof_HBA, molVolume",0.8888888888888888,"C_R2, nof_Rings, molLogP",0.8518518518518519,"nof_HBA, molArea, molPSA"
0.8444444444444444,"a_heavy, PSA/Area, molLogP",0.9259259259259259,"nof_negCharge, Complexity, molVolume",0.9629629629629629,"nof_HBA, molLogS, molWeight",0.8888888888888888,"C_R0, nof_HBA, molArea",0.8888888888888888,"C_R0, nof_Chirals, molLogS",0.8518518518518519,"nof_HBA, PSA/Area, molArea"
0.8444444444444444,"C_R0, nof_HBA, molVolume",0.9259259259259259,"nof_negCharge, Complexity, molArea",0.9629629629629629,"nof_HBA, molLogS, molLogP",0.8888888888888888,"C_R0, nof_HBA, nof_Atoms",0.8888888888888888,"C_R0, nof_Chirals, PSA/Area",0.8518518518518519,"nof_HBA, nof_Atoms, molWeight"
0.8444444444444444,"C_R0, nof_HBA, molLogP",0.9259259259259259,"a_heavy, nof_HBA, molLogP",0.9629629629629629,"nof_HBA, molArea, molLogS",0.8888888888888888,"C_R0, nof_HBD, molVolume",0.8888888888888888,"C_R0, nof_Rings, molLogP",0.8518518518518519,"nof_HBA, nof_Atoms, molArea"
0.8444444444444444,"C_R0, nof_HBA, molLogS",0.9259259259259259,"a_heavy, molCharge_total, nof_HBA",0.9629629629629629,"nof_HBA, PSA/Area, molLogS",0.8888888888888888,"C_R0, Complexity, molVolume",0.8888888888888888,"C_R0, nof_Rings, PSA/Area",0.8518518518518519,"nof_HBA, nof_Atoms, PSA/Area"
0.8444444444444444,"C_R0, nof_HBA, PSA/Area",0.9259259259259259,"a_heavy, Complexity, molLogP",0.9629629629629629,"nof_HBA, nof_Chirals, molLogS",0.8888888888888888,"C_R0, nof_posCharge, molVolume",0.8888888888888888,"C_R0, nof_Rings, nof_Chirals",0.8518518518518519,"molCharge_total, molArea, molPSA"
0.8444444444444444,"C_R0, nof_Rings, nof_HBA",0.9259259259259259,"a_heavy, nof_negCharge, PSA/Area",0.9629629629629629,"nof_HBD, molArea, molLogP",0.8888888888888888,"nof_RotB, nof_Atoms, molArea",0.8888888888888888,"C_R0, nof_Rings, nof_HBA",0.8518518518518519,"molCharge_total, nof_HBA, molArea"
0.8444444444444444,"nof_RotB, nof_Atoms, molLogP",0.9259259259259259,"a_heavy, nof_negCharge, nof_HBA",0.9629629629629629,"nof_HBD, molArea, molLogS",0.8888888888888888,"nof_RotB, Complexity, PSA/Area",0.8888888888888888,"C_R0, nof_Rings, nof_HBD",0.8518518518518519,"Complexity, molArea, molPSA"
0.8444444444444444,"nof_RotB, nof_Atoms, molLogS",0.9259259259259259,"C_R1, molArea, molLogP",0.9629629629629629,"nof_HBD, PSA/Area, molArea",0.8888888888888888,"nof_RotB, Complexity, nof_HBD",0.8888888888888888,"C_R0, nof_Rings, molCharge_total",0.8518518518518519,"Complexity, molCharge_total, molArea"
0.8444444444444444,"nof_RotB, nof_HBD, molLogS",0.9259259259259259,"C_R1, a_heavy, PSA/Area",0.9629629629629629,"nof_HBD, nof_Chirals, molArea",0.8888888888888888,"nof_RotB, C_R0, molArea",0.8888888888888888,"C_R0, C_R2, nof_Rings",0.8518518518518519,"nof_posCharge, molArea, molPSA"
0.8444444444444444,"nof_RotB, negCharge/Volume, molLogS",0.9259259259259259,"C_R0, nof_Rings, PSA/Area",0.9629629629629629,"molCharge_total, molLogP, molWeight",0.8888888888888888,"nof_RotB, C_R0, nof_HBA",0.8888888888888888,"C_R0, C_R1, molLogS",0.8518518518518519,"nof_posCharge, nof_Atoms, molPSA"
0.8444444444444444,"nof_Fragments, C_R0, nof_Atoms",0.9259259259259259,"C_sp3, molArea, molLogP",0.9629629629629629,"molCharge_total, molLogS, molWeight",0.8888888888888888,"nof_Fragments, C_R0, molVolume",0.8888888888888888,"posCharge/Volume, nof_HBD, molLogS",0.8518518518518519,"nof_posCharge, nof_HBA, molArea"
0.8444444444444443,"nof_Fragments, nof_RotB, C_R0",0.9259259259259259,"negCharge/Volume, a_heavy, PSA/Area",0.9629629629629629,"molCharge_total, nof_Chirals, molLogS",0.8888888888888888,"nof_Fragments, C_R0, molPSA",0.8888888888888888,"negCharge/Volume, nof_HBD, molLogS",0.8518518518518519,"a_heavy, molPSA, molWeight"
0.837037037037037,"PSA/Area, molArea, molLogP",0.9259259259259259,"negCharge/Volume, C_R0, nof_Chirals",0.9629629629629629,"molCharge_total, nof_HBA, molVolume",0.8888888888888888,"nof_Fragments, C_R0, molArea",0.8888888888888888,"nof_RotB, nof_Chirals, molLogP",0.8518518518518519,"a_heavy, molPSA, molLogP"
0.837037037037037,"nof_Atoms, molLogS, molLogP",0.9259259259259259,"negCharge/Volume, C_R0, nof_HBA",0.9629629629629629,"molCharge_total, nof_HBA, molLogP",0.8888888888888888,"nof_Fragments, C_R0, a_heavy",0.8888888888888888,"nof_RotB, nof_Rings, molLogP",0.8518518518518519,"a_heavy, nof_Atoms, molPSA"
0.837037037037037,"molCharge_total, nof_Atoms, molPSA",0.9259259259259259,"negCharge/Volume, C_R0, C_R1",0.9629629629629629,"nof_Rings, molLogP, molVolume",0.8518518518518519,"PSA/Area, molVolume, molWeight",0.8888888888888888,"nof_RotB, C_R2, molLogS",0.8518518518518519,"a_heavy, nof_HBA, molLogP"
0.837037037037037,"molCharge_total, nof_HBA, molVolume",0.9259259259259259,"nof_RotB, molArea, molLogP",0.9629629629629629,"nof_Rings, molLogS, molLogP",0.8518518518518519,"nof_Atoms, molLogS, molVolume",0.8888888888888888,"nof_RotB, C_R1, nof_HBD",0.8518518518518519,"a_heavy, nof_HBA, nof_Atoms"
0.837037037037037,"Complexity, molArea, molLogP",0.9259259259259259,"nof_RotB, nof_HBA, PSA/Area",0.9629629629629629,"nof_Rings, molArea, molLogP",0.8518518518518519,"nof_Atoms, molPSA, molWeight",0.8888888888888888,"nof_RotB, C_R0, molLogS",0.8518518518518519,"a_heavy, Complexity, PSA/Area"
0.837037037037037,"Complexity, nof_HBA, molArea",0.9259259259259259,"nof_Fragments, nof_HBD, nof_Chirals",0.9629629629629629,"nof_Rings, nof_Chirals, molVolume",0.8518518518518519,"nof_Atoms, molArea, molVolume",0.8888888888888888,"nof_RotB, C_R0, PSA/Area",0.8518518518518519,"C_R2, nof_HBA, molWeight"
0.837037037037037,"a_heavy, nof_HBA, molLogS",0.8888888888888888,"PSA/Area, molArea, molVolume",0.9629629629629629,"nof_Rings, nof_Chirals, nof_Atoms",0.8518518518518519,"nof_Atoms, molArea, molLogP",0.8888888888888888,"nof_RotB, C_R0, nof_Rings",0.8518518518518519,"C_R2, nof_HBA, molVolume"
0.837037037037037,"a_heavy, nof_HBA, PSA/Area",0.8888888888888888,"nof_Chirals, PSA/Area, molPSA",0.9629629629629629,"Complexity, PSA/Area, molLogP",0.8518518518518519,"nof_Chirals, nof_Atoms, molVolume",0.8518518518518519,"molPSA, molLogP, molVolume",0.8518518518518519,"C_R0, Complexity, nof_HBA"
0.837037037037037,"a_heavy, molCharge_total, nof_HBA",0.8888888888888888,"nof_HBA, molLogS, molWeight",0.9629629629629629,"Complexity, nof_Chirals, PSA/Area",0.8518518518518519,"nof_Chirals, nof_Atoms, molArea",0.8518518518518519,"molPSA, molLogS, molVolume",0.8518518518518519,"C_sp3, nof_HBA, molLogS"
0.837037037037037,"C_sp3, molArea, molLogP",0.8888888888888888,"nof_HBA, molPSA, molWeight",0.9629629629629629,"nof_posCharge, molLogS, molLogP",0.8518518518518519,"nof_HBA, nof_Atoms, molArea",0.8518518518518519,"molArea, molPSA, molWeight",0.8518518518518519,"posCharge/Volume, molArea, molPSA"
0.837037037037037,"negCharge/Volume, nof_Atoms, molLogP",0.8888888888888888,"nof_HBA, nof_Atoms, molPSA",0.9629629629629629,"nof_posCharge, nof_HBD, molArea",0.8518518518518519,"nof_HBD, molPSA, molVolume",0.8518518518518519,"PSA/Area, molPSA, molVolume",0.8518518518518519,"posCharge/Volume, nof_Atoms, molPSA"
0.837037037037037,"nof_RotB, nof_Atoms, molPSA",0.8888888888888888,"molCharge_total, PSA/Area, molWeight",0.9629629629629629,"nof_negCharge, molArea, molLogP",0.8518518518518519,"nof_HBD, nof_Atoms, molVolume",0.8518518518518519,"nof_Atoms, molLogS, molLogP",0.8518518518518519,"posCharge/Volume, nof_HBA, molArea"
0.837037037037037,"nof_RotB, nof_HBA, molLogS",0.8888888888888888,"molCharge_total, PSA/Area, molPSA",0.9629629629629629,"nof_negCharge, nof_HBA, molLogP",0.8518518518518519,"nof_HBD, nof_Atoms, molArea",0.8518518518518519,"nof_Chirals, molPSA, molVolume",0.8518518518518519,"posCharge/Volume, nof_posCharge, molVolume"
0.837037037037037,"nof_RotB, nof_HBA, nof_Atoms",0.8888888888888888,"molCharge_total, nof_Chirals, nof_Atoms",0.9629629629629629,"nof_negCharge, nof_HBA, molArea",0.8518518518518519,"nof_HBD, nof_HBA, nof_Atoms",0.8518518518518519,"nof_HBA, molLogS, molLogP",0.8518518518518519,"negCharge/Volume, molArea, molPSA"
0.837037037037037,"nof_RotB, nof_HBD, nof_Atoms",0.8888888888888888,"molCharge_total, nof_HBA, molVolume",0.9629629629629629,"nof_negCharge, nof_HBD, molWeight",0.8518518518518519,"molCharge_total, PSA/Area, molLogS",0.8518518518518519,"nof_HBA, molPSA, molVolume",0.8518518518518519,"negCharge/Volume, nof_Atoms, molPSA"
0.837037037037037,"nof_RotB, nof_posCharge, nof_Atoms",0.8888888888888888,"nof_Rings, nof_Atoms, molLogP",0.9629629629629629,"a_heavy, nof_Chirals, molLogS",0.8518518518518519,"molCharge_total, nof_Atoms, molPSA",0.8518518518518519,"nof_HBA, PSA/Area, molLogP",0.8518518518518519,"negCharge/Volume, nof_HBA, molArea"
0.837037037037037,"nof_RotB, a_heavy, nof_HBA",0.8888888888888888,"nof_Rings, nof_HBA, molVolume",0.9629629629629629,"a_heavy, nof_HBD, molLogS",0.8518518518518519,"molCharge_total, nof_HBD, molVolume",0.8518518518518519,"nof_HBA, nof_Atoms, molLogP",0.8518518518518519,"negCharge/Volume, nof_HBA, nof_Atoms"
0.837037037037037,"nof_RotB, C_R1, molLogP",0.8888888888888888,"Complexity, molVolume, molWeight",0.9629629629629629,"C_R2, molLogS, molWeight",0.8518518518518519,"molCharge_total, nof_HBD, PSA/Area",0.8518518518518519,"nof_HBA, nof_Atoms, molLogS",0.8518518518518519,"negCharge/Volume, nof_posCharge, molVolume"
0.837037037037037,"nof_Fragments, nof_HBA, nof_Atoms",0.8888888888888888,"Complexity, molLogS, molVolume",0.9629629629629629,"C_R2, nof_Chirals, molLogS",0.8518518518518519,"Complexity, PSA/Area, molArea",0.8518518518518519,"nof_HBA, nof_Chirals, molLogP",0.8518518518518519,"negCharge/Volume, posCharge/Volume, molVolume"
0.837037037037037,"nof_Fragments, nof_posCharge, molPSA",0.8888888888888888,"Complexity, molPSA, molVolume",0.9629629629629629,"C_R2, nof_HBA, molLogP",0.8518518518518519,"a_heavy, nof_Atoms, molVolume",0.8518518518518519,"nof_HBA, nof_Chirals, nof_Atoms",0.8518518518518519,"nof_RotB, PSA/Area, molLogS"
0.837037037037037,"nof_Fragments, nof_posCharge, nof_HBA",0.8888888888888888,"Complexity, molArea, molWeight",0.9629629629629629,"C_R1, molLogP, molVolume",0.8518518518518519,"a_heavy, nof_Atoms, molPSA",0.8518518518518519,"nof_HBD, molPSA, molVolume",0.8518518518518519,"nof_RotB, PSA/Area, molArea"
0.837037037037037,"nof_Fragments, C_R0, nof_posCharge",0.8888888888888888,"Complexity, molArea, molLogP",0.9629629629629629,"C_R1, molArea, molLogP",0.8518518518518519,"a_heavy, nof_Atoms, molArea",0.8518518518518519,"nof_HBD, nof_Atoms, molLogS",0.8518518518518519,"nof_RotB, nof_posCharge, molLogS"
0.837037037037037,"nof_Fragments, nof_RotB, molPSA",0.8888888888888888,"Complexity, molArea, molLogS",0.9629629629629629,"C_R1, nof_Chirals, molVolume",0.8518518518518519,"C_R1, PSA/Area, molWeight",0.8518518518518519,"nof_HBD, nof_HBA, nof_Atoms",0.8518518518518519,"nof_RotB, posCharge/Volume, molLogS"
0.837037037037037,"nof_Fragments, nof_RotB, nof_HBA",0.8888888888888888,"Complexity, PSA/Area, molVolume",0.9629629629629629,"C_R1, nof_Chirals, molArea",0.8518518518518519,"C_R1, PSA/Area, molVolume",0.8518518518518519,"molCharge_total, molPSA, molVolume",0.8518518518518519,"nof_RotB, posCharge/Volume, PSA/Area"
0.837037037037037,"nof_Fragments, nof_RotB, nof_posCharge",0.8888888888888888,"Complexity, nof_HBA, molArea",0.9629629629629629,"C_R1, nof_HBD, molLogS",0.8518518518518519,"C_R0, molVolume, molWeight",0.8518518518518519,"molCharge_total, nof_HBA, nof_Atoms",0.8518518518518519,"nof_RotB, negCharge/Volume, molLogS"
0.837037037037037,"nof_Fragments, nof_RotB, nof_negCharge",0.8888888888888888,"Complexity, nof_HBA, nof_Atoms",0.9629629629629629,"C_R1, nof_HBD, molArea",0.8518518518518519,"C_R0, molPSA, molWeight",0.8518518518518519,"nof_Rings, molPSA, molVolume",0.8518518518518519,"nof_Fragments, molPSA, molLogS"
0.8296296296296296,"nof_Atoms, molPSA, molLogP",0.8888888888888888,"Complexity, nof_HBD, molVolume",0.9629629629629629,"C_R1, a_heavy, molLogP",0.8518518518518519,"C_R0, molPSA, molVolume",0.8518518518518519,"nof_Rings, PSA/Area, molLogP",0.8518518518518519,"nof_Fragments, PSA/Area, molPSA"
0.8296296296296296,"nof_Atoms, molArea, molLogP",0.8888888888888888,"Complexity, molCharge_total, molLogS",0.9629629629629629,"C_R1, a_heavy, nof_HBD",0.8518518518518519,"C_R0, molArea, molWeight",0.8518518518518519,"nof_Rings, nof_HBA, molLogP",0.8518518518518519,"nof_Fragments, nof_Atoms, molPSA"
0.8296296296296296,"nof_Atoms, PSA/Area, molLogP",0.8888888888888888,"nof_posCharge, PSA/Area, molPSA",0.9629629629629629,"C_R0, molLogP, molWeight",0.8518518518518519,"C_R0, molArea, molVolume",0.8518518518518519,"nof_Rings, nof_HBA, nof_Atoms",0.8518518518518519,"nof_Fragments, nof_HBA, molLogS"
0.8296296296296296,"nof_HBA, molLogS, molVolume",0.8888888888888888,"nof_posCharge, nof_Chirals, nof_Atoms",0.9629629629629629,"C_R0, molLogP, molVolume",0.8518518518518519,"C_R0, PSA/Area, molVolume",0.8518518518518519,"nof_Rings, nof_HBD, molLogP",0.8518518518518519,"nof_Fragments, nof_HBA, molPSA"
0.8296296296296296,"nof_HBA, molPSA, molVolume",0.8888888888888888,"nof_posCharge, nof_HBA, molWeight",0.9629629629629629,"C_R0, molArea, molLogP",0.8518518518518519,"C_R0, nof_Atoms, molLogP",0.8518518518518519,"nof_Rings, nof_HBD, PSA/Area",0.8518518518518519,"nof_Fragments, nof_HBA, PSA/Area"
0.8296296296296296,"nof_HBD, nof_Atoms, PSA/Area",0.8888888888888888,"nof_posCharge, nof_HBD, nof_Atoms",0.9629629629629629,"C_R0, molArea, molLogS",0.8518518518518519,"C_R0, nof_Atoms, molPSA",0.8518518518518519,"Complexity, molPSA, molVolume",0.8518518518518519,"nof_Fragments, nof_HBA, nof_Atoms"
0.8296296296296296,"molCharge_total, nof_HBA, molLogS",0.8888888888888888,"nof_negCharge, molPSA, molLogP",0.9629629629629629,"C_R0, PSA/Area, molArea",0.8518518518518519,"C_R0, nof_HBA, molWeight",0.8518518518518519,"Complexity, molArea, molVolume",0.8518518518518519,"nof_Fragments, Complexity, nof_HBA"
0.8296296296296296,"Complexity, molPSA, molVolume",0.8888888888888888,"nof_negCharge, PSA/Area, molPSA",0.9629629629629629,"C_R0, nof_Chirals, molVolume",0.8518518518518519,"C_R0, nof_HBD, molWeight",0.8518518518518519,"Complexity, molArea, molLogP",0.8518518518518519,"nof_Fragments, nof_posCharge, molPSA"
0.8296296296296296,"Complexity, PSA/Area, molVolume",0.8888888888888888,"nof_negCharge, nof_Chirals, nof_Atoms",0.9629629629629629,"C_R0, nof_Rings, molLogP",0.8518518518518519,"C_R0, nof_HBD, nof_HBA",0.8518518518518519,"Complexity, molArea, molLogS",0.8518518518518519,"nof_Fragments, nof_posCharge, nof_HBA"
0.8296296296296296,"nof_negCharge, Complexity, molArea",0.8888888888888888,"a_heavy, molArea, molVolume",0.9629629629629629,"C_R0, Complexity, molLogP",0.8518518518518519,"C_R0, molCharge_total, nof_HBA",0.8518518518518519,"Complexity, PSA/Area, molArea",0.8518518518518519,"nof_Fragments, C_R2, molPSA"
0.8296296296296296,"a_heavy, molPSA, molLogP",0.8888888888888888,"a_heavy, molArea, molLogP",0.9629629629629629,"C_R0, Complexity, PSA/Area",0.8518518518518519,"C_R0, nof_Rings, molVolume",0.8518518518518519,"Complexity, nof_Atoms, molArea",0.8518518518518519,"nof_Fragments, C_R2, nof_Chirals"
0.8296296296296296,"a_heavy, nof_HBA, nof_Atoms",0.8888888888888888,"a_heavy, molArea, molLogS",0.9629629629629629,"C_R0, Complexity, nof_Chirals",0.8518518518518519,"C_R0, nof_Rings, molArea",0.8518518518518519,"Complexity, nof_Chirals, molArea",0.8518518518518519,"nof_Fragments, C_R0, nof_Atoms"
0.8296296296296296,"a_heavy, nof_posCharge, nof_HBA",0.8888888888888888,"a_heavy, PSA/Area, molLogP",0.9629629629629629,"C_R0, Complexity, nof_HBD",0.8518518518518519,"C_R0, Complexity, molWeight",0.8518518518518519,"Complexity, nof_HBA, molArea",0.8518518518518519,"nof_Fragments, posCharge/Volume, molPSA"
0.8296296296296296,"a_heavy, nof_negCharge, nof_HBA",0.8888888888888888,"a_heavy, PSA/Area, molLogS",0.9629629629629629,"C_R0, a_heavy, nof_Chirals",0.8518518518518519,"C_R0, Complexity, molArea",0.8518518518518519,"Complexity, nof_HBD, molArea",0.8518518518518519,"nof_Fragments, posCharge/Volume, nof_HBA"
0.8296296296296296,"C_R0, molPSA, molWeight",0.8888888888888888,"a_heavy, PSA/Area, molArea",0.9629629629629629,"C_R0, C_R1, Complexity",0.8518518518518519,"C_R0, Complexity, PSA/Area",0.8518518518518519,"Complexity, molCharge_total, molArea",0.8518518518518519,"nof_Fragments, negCharge/Volume, molPSA"
0.8296296296296296,"C_R0, nof_Atoms, molWeight",0.8888888888888888,"a_heavy, nof_Chirals, PSA/Area",0.9629629629629629,"C_R0, C_R1, a_heavy",0.8518518518518519,"C_R0, Complexity, nof_Atoms",0.8518518518518519,"Complexity, nof_Rings, molArea",0.8518518518518519,"nof_Fragments, negCharge/Volume, nof_HBA"
0.8296296296296296,"C_R0, molCharge_total, nof_HBA",0.8888888888888888,"a_heavy, nof_HBA, molVolume",0.9629629629629629,"C_sp3, molLogP, molWeight",0.8518518518518519,"C_R0, a_heavy, nof_posCharge",0.8518518518518519,"nof_posCharge, molPSA, molVolume",0.8518518518518519,"nof_Fragments, negCharge/Volume, C_R0"
0.8296296296296296,"C_R0, a_heavy, nof_HBA",0.8888888888888888,"a_heavy, nof_HBA, molLogS",0.9629629629629629,"C_sp3, molArea, molLogP",0.8518518518518519,"C_sp3, molVolume, molWeight",0.8518518518518519,"nof_posCharge, PSA/Area, molLogP",0.8148148148148148,"molPSA, molLogP, molWeight"
0.8296296296296296,"negCharge/Volume, a_heavy, PSA/Area",0.8888888888888888,"a_heavy, nof_HBA, molPSA",0.9629629629629629,"C_sp3, nof_HBD, molArea",0.8518518518518519,"C_sp3, PSA/Area, molVolume",0.8518518518518519,"nof_posCharge, nof_HBA, nof_Atoms",0.8148148148148148,"molArea, molPSA, molLogP"
0.8296296296296296,"nof_RotB, nof_negCharge, molLogS",0.8888888888888888,"a_heavy, nof_HBA, PSA/Area",0.9629629629629629,"C_sp3, C_R0, Complexity",0.8518518518518519,"C_sp3, nof_Atoms, molWeight",0.8518518518518519,"nof_posCharge, nof_Rings, molLogP",0.8148148148148148,"PSA/Area, molLogP, molWeight"
0.8296296296296296,"nof_Fragments, molPSA, molLogS",0.8888888888888888,"a_heavy, nof_HBA, nof_Chirals",0.9629629629629629,"posCharge/Volume, nof_Chirals, molLogS",0.8518518518518519,"C_sp3, nof_Atoms, molVolume",0.8518518518518519,"nof_posCharge, Complexity, molArea",0.8148148148148148,"PSA/Area, molPSA, molWeight"
0.8296296296296296,"nof_Fragments, PSA/Area, molLogP",0.8888888888888888,"a_heavy, nof_HBD, molLogP",0.9629629629629629,"posCharge/Volume, nof_HBA, molLogP",0.8518518518518519,"C_sp3, nof_HBA, PSA/Area",0.8518518518518519,"nof_negCharge, molPSA, molVolume",0.8148148148148148,"PSA/Area, molArea, molVolume"
0.8296296296296296,"nof_Fragments, PSA/Area, molPSA",0.8888888888888888,"a_heavy, nof_HBD, PSA/Area",0.9629629629629629,"negCharge/Volume, molLogP, molVolume",0.8518518518518519,"C_sp3, C_R0, nof_HBA",0.8518518518518519,"nof_negCharge, nof_HBA, molLogP",0.8148148148148148,"nof_Atoms, molLogS, molWeight"
0.8296296296296296,"nof_Fragments, nof_Chirals, molPSA",0.8888888888888888,"a_heavy, nof_HBD, nof_HBA",0.9629629629629629,"negCharge/Volume, molArea, molLogP",0.8518518518518519,"nof_RotB, molLogS, molVolume",0.8518518518518519,"nof_negCharge, nof_HBA, molLogS",0.8148148148148148,"nof_Atoms, molPSA, molWeight"
0.8296296296296296,"nof_Fragments, nof_HBA, molLogS",0.8888888888888888,"a_heavy, molCharge_total, molVolume",0.9629629629629629,"negCharge/Volume, nof_Chirals, molArea",0.8518518518518519,"nof_RotB, molArea, molLogS",0.8518518518518519,"nof_negCharge, nof_HBA, nof_Atoms",0.8148148148148148,"nof_Atoms, molPSA, molLogS"
0.8296296296296296,"nof_Fragments, nof_HBA, molPSA",0.8888888888888888,"a_heavy, molCharge_total, molLogS",0.9629629629629629,"negCharge/Volume, nof_HBD, molLogS",0.8518518518518519,"nof_RotB, nof_Atoms, molWeight",0.8518518518518519,"nof_negCharge, Complexity, molArea",0.8148148148148148,"nof_Chirals, nof_Atoms, molPSA"
0.8296296296296296,"nof_Fragments, nof_HBA, nof_Chirals",0.8888888888888888,"a_heavy, molCharge_total, molArea",0.9629629629629629,"negCharge/Volume, molCharge_total, molArea",0.8518518518518519,"nof_RotB, nof_Atoms, molVolume",0.8518518518518519,"a_heavy, molPSA, molVolume",0.8148148148148148,"nof_HBA, molLogP, molVolume"
0.8296296296296296,"nof_Fragments, nof_posCharge, molLogP",0.8888888888888888,"a_heavy, molCharge_total, PSA/Area",0.9629629629629629,"negCharge/Volume, nof_negCharge, molArea",0.8518518518518519,"nof_RotB, nof_Atoms, molLogS",0.8518518518518519,"a_heavy, nof_HBA, molLogP",0.8148148148148148,"nof_HBA, molLogS, molVolume"
0.8296296296296296,"nof_Fragments, C_R0, molLogP",0.8888888888888888,"a_heavy, nof_Rings, PSA/Area",0.9629629629629629,"negCharge/Volume, a_heavy, nof_Chirals",0.8518518518518519,"nof_RotB, nof_Chirals, PSA/Area",0.8518518518518519,"a_heavy, nof_HBA, molLogS",0.8148148148148148,"nof_HBA, molPSA, molVolume"
0.8296296296296296,"nof_Fragments, negCharge/Volume, molLogP",0.8888888888888888,"a_heavy, nof_Rings, nof_HBA",0.9629629629629629,"negCharge/Volume, C_R0, molWeight",0.8518518518518519,"nof_RotB, nof_HBA, nof_Chirals",0.8518518518518519,"a_heavy, nof_HBA, PSA/Area",0.8148148148148148,"nof_HBA, molArea, molVolume"
0.8296296296296296,"nof_Fragments, nof_RotB, nof_Atoms",0.8888888888888888,"a_heavy, Complexity, molWeight",0.9629629629629629,"negCharge/Volume, C_R0, molVolume",0.8518518518518519,"nof_RotB, nof_HBD, molVolume",0.8518518518518519,"a_heavy, nof_HBA, nof_Atoms",0.8148148148148148,"nof_HBA, PSA/Area, molVolume"
0.8296296296296296,"nof_Fragments, nof_RotB, nof_HBD",0.8888888888888888,"a_heavy, Complexity, nof_HBA",0.9629629629629629,"negCharge/Volume, C_R0, molArea",0.8518518518518519,"nof_RotB, nof_HBD, nof_Atoms",0.8518518518518519,"a_heavy, nof_HBA, nof_Chirals",0.8148148148148148,"nof_HBA, nof_Atoms, molVolume"
0.8222222222222223,"nof_Atoms, molPSA, molVolume",0.8888888888888888,"a_heavy, nof_posCharge, PSA/Area",0.9629629629629629,"negCharge/Volume, C_R0, nof_Atoms",0.8518518518518519,"nof_RotB, molCharge_total, molVolume",0.8518518518518519,"a_heavy, nof_HBD, molLogP",0.8148148148148148,"nof_HBA, nof_Atoms, molLogS"
0.8222222222222223,"nof_HBA, nof_Atoms, PSA/Area",0.8888888888888888,"a_heavy, nof_posCharge, nof_HBA",0.9629629629629629,"negCharge/Volume, C_R0, C_R1",0.8518518518518519,"nof_RotB, molCharge_total, molArea",0.8518518518518519,"a_heavy, nof_HBD, nof_HBA",0.8148148148148148,"nof_HBA, nof_Atoms, molPSA"
0.8222222222222223,"nof_Rings, nof_HBA, nof_Atoms",0.8888888888888888,"a_heavy, nof_negCharge, molVolume",0.9629629629629629,"nof_RotB, molLogS, molLogP",0.8518518518518519,"nof_RotB, nof_posCharge, molVolume",0.8518518518518519,"a_heavy, molCharge_total, nof_Chirals",0.8148148148148148,"nof_HBD, molArea, molVolume"
0.8222222222222223,"nof_posCharge, nof_HBA, nof_Atoms",0.8888888888888888,"a_heavy, nof_negCharge, molArea",0.9629629629629629,"nof_RotB, molPSA, molLogP",0.8518518518518519,"nof_RotB, nof_negCharge, molVolume",0.8518518518518519,"a_heavy, molCharge_total, nof_HBA",0.8148148148148148,"nof_HBD, PSA/Area, molVolume"
0.8222222222222223,"C_R0, C_R1, PSA/Area",0.8888888888888888,"C_R2, PSA/Area, molPSA",0.9629629629629629,"nof_RotB, molArea, molLogP",0.8518518518518519,"nof_RotB, a_heavy, nof_Atoms",0.8518518518518519,"a_heavy, nof_Rings, nof_HBA",0.8148148148148148,"molCharge_total, nof_HBA, molVolume"
0.8222222222222223,"nof_RotB, PSA/Area, molLogS",0.8888888888888888,"C_R2, nof_Chirals, nof_Atoms",0.9629629629629629,"nof_RotB, PSA/Area, molLogP",0.8518518518518519,"nof_RotB, C_R0, Complexity",0.8518518518518519,"a_heavy, Complexity, molArea",0.8148148148148148,"nof_Rings, PSA/Area, molWeight"
0.8222222222222223,"nof_RotB, molCharge_total, nof_Atoms",0.8888888888888888,"C_R2, nof_HBA, molWeight",0.9629629629629629,"nof_RotB, PSA/Area, molLogS",0.8518518518518519,"nof_RotB, C_R0, a_heavy",0.8518518518518519,"a_heavy, nof_posCharge, nof_HBA",0.8148148148148148,"nof_Rings, nof_HBA, molLogS"
0.8222222222222223,"nof_Fragments, nof_RotB, C_R2",0.8888888888888888,"C_R2, Complexity, molArea",0.9629629629629629,"nof_RotB, nof_Atoms, molLogP",0.8518518518518519,"nof_Fragments, molVolume, molWeight",0.8518518518518519,"a_heavy, nof_negCharge, nof_HBA",0.8148148148148148,"nof_Rings, nof_HBA, molArea"
0.8222222222222222,"nof_Atoms, molPSA, molLogS",0.8888888888888888,"C_R2, nof_posCharge, nof_Atoms",0.9629629629629629,"nof_RotB, nof_Chirals, molLogP",0.8518518518518519,"nof_Fragments, molLogS, molVolume",0.8518518518518519,"C_R2, molPSA, molVolume",0.8148148148148148,"nof_Rings, nof_HBA, nof_Atoms"
0.8222222222222222,"nof_Chirals, nof_Atoms, molPSA",0.8888888888888888,"C_R2, a_heavy, molLogP",0.9629629629629629,"nof_RotB, nof_Chirals, molLogS",0.8518518518518519,"nof_Fragments, molArea, molLogS",0.8518518518518519,"C_R2, nof_HBA, nof_Atoms",0.8148148148148148,"Complexity, molLogS, molVolume"
0.8222222222222222,"nof_HBA, nof_Chirals, nof_Atoms",0.8888888888888888,"C_R2, a_heavy, PSA/Area",0.9629629629629629,"nof_RotB, nof_Chirals, PSA/Area",0.8518518518518519,"nof_Fragments, nof_Atoms, molVolume",0.8518518518518519,"C_R2, Complexity, molArea",0.8148148148148148,"Complexity, molArea, molLogS"
0.8222222222222222,"nof_HBD, PSA/Area, molVolume",0.8888888888888888,"C_R1, nof_HBA, molWeight",0.9629629629629629,"nof_RotB, nof_HBD, molLogP",0.8518518518518519,"nof_Fragments, nof_HBA, molArea",0.8518518518518519,"C_R2, a_heavy, nof_HBA",0.8148148148148148,"Complexity, nof_Atoms, molPSA"
0.8222222222222222,"nof_HBD, nof_HBA, nof_Atoms",0.8888888888888888,"C_R1, Complexity, molVolume",0.9629629629629629,"nof_RotB, nof_HBD, molLogS",0.8518518518518519,"nof_Fragments, nof_HBD, molWeight",0.8518518518518519,"C_R1, PSA/Area, molLogS",0.8148148148148148,"Complexity, nof_HBA, molVolume"
0.8222222222222222,"molCharge_total, nof_HBA, nof_Atoms",0.8888888888888888,"C_R1, nof_negCharge, molLogS",0.9629629629629629,"nof_RotB, molCharge_total, molLogP",0.8518518518518519,"nof_Fragments, nof_HBD, molPSA",0.8518518518518519,"C_R1, nof_HBA, molLogS",0.8148148148148148,"Complexity, nof_HBA, molArea"
0.8222222222222222,"molCharge_total, nof_HBD, molVolume",0.8888888888888888,"C_R1, a_heavy, nof_HBD",0.9629629629629629,"nof_RotB, nof_Rings, molLogP",0.8518518518518519,"nof_Fragments, nof_HBD, nof_HBA",0.8518518518518519,"C_R1, Complexity, molArea",0.8148148148148148,"Complexity, nof_HBA, nof_Atoms"
0.8222222222222222,"nof_Rings, nof_HBA, molLogS",0.8888888888888888,"C_R0, molPSA, molLogP",0.9629629629629629,"nof_RotB, Complexity, nof_HBD",0.8518518518518519,"nof_Fragments, Complexity, PSA/Area",0.8518518518518519,"C_R0, molPSA, molVolume",0.8148148148148148,"Complexity, nof_HBD, PSA/Area"
0.8222222222222222,"Complexity, molLogS, molVolume",0.8888888888888888,"C_R0, PSA/Area, molWeight",0.9629629629629629,"nof_RotB, nof_posCharge, molLogP",0.8518518518518519,"nof_Fragments, C_R0, molLogP",0.8518518518518519,"C_R0, nof_HBA, molLogS",0.8148148148148148,"nof_posCharge, molPSA, molWeight"
0.8222222222222222,"Complexity, molArea, molVolume",0.8888888888888888,"C_R0, PSA/Area, molPSA",0.9629629629629629,"nof_RotB, nof_negCharge, molLogS",0.8518518518518519,"nof_Fragments, C_R0, molLogS",0.8518518518518519,"C_R0, nof_HBA, PSA/Area",0.8148148148148148,"nof_posCharge, PSA/Area, molWeight"
0.8222222222222222,"Complexity, nof_HBD, molArea",0.8888888888888888,"C_R0, nof_HBA, PSA/Area",0.9629629629629629,"nof_RotB, nof_negCharge, nof_Atoms",0.8518518518518519,"nof_Fragments, C_R0, nof_Atoms",0.8518518518518519,"C_R0, nof_HBD, molLogS",0.8148148148148148,"nof_posCharge, PSA/Area, molVolume"
0.8222222222222222,"nof_posCharge, molArea, molPSA",0.8888888888888888,"C_R0, molCharge_total, molWeight",0.9629629629629629,"nof_RotB, C_R2, molLogP",0.8518518518518519,"nof_Fragments, C_R0, Complexity",0.8518518518518519,"C_R0, Complexity, molArea",0.8148148148148148,"nof_posCharge, PSA/Area, molArea"
0.8222222222222222,"nof_posCharge, nof_Atoms, molPSA",0.8888888888888888,"C_R0, nof_negCharge, molWeight",0.9629629629629629,"nof_RotB, C_R2, molLogS",0.8518518518518519,"nof_Fragments, C_sp3, molVolume",0.8518518518518519,"C_R0, a_heavy, nof_HBA",0.8148148148148148,"nof_posCharge, nof_HBA, molVolume"
0.8222222222222222,"nof_negCharge, molPSA, molVolume",0.8888888888888888,"C_R0, a_heavy, PSA/Area",0.9629629629629629,"nof_RotB, C_R2, molPSA",0.8518518518518519,"nof_Fragments, nof_RotB, molWeight",0.8518518518518519,"C_R0, C_R2, molLogP",0.8148148148148148,"nof_posCharge, nof_HBA, nof_Atoms"
0.8222222222222222,"nof_negCharge, molArea, molLogP",0.8888888888888888,"C_R0, C_R1, molWeight",0.9629629629629629,"nof_RotB, C_R1, molLogP",0.8518518518518519,"nof_Fragments, nof_RotB, molVolume",0.8518518518518519,"C_R0, C_R2, nof_HBA",0.8148148148148148,"nof_posCharge, Complexity, molLogP"
0.8222222222222222,"nof_negCharge, nof_HBA, molVolume",0.8888888888888888,"C_R0, C_R1, nof_HBD",0.9629629629629629,"nof_RotB, C_R1, PSA/Area",0.8518518518518519,"nof_Fragments, nof_RotB, molLogS",0.8518518518518519,"C_R0, C_R1, PSA/Area",0.8148148148148148,"nof_negCharge, nof_HBA, molVolume"
0.8222222222222222,"nof_negCharge, nof_HBD, molVolume",0.8888888888888888,"C_R0, C_R1, nof_posCharge",0.9629629629629629,"nof_RotB, C_R0, molWeight",0.8518518518518519,"nof_Fragments, nof_RotB, molPSA",0.8518518518518519,"C_R0, C_R1, nof_Chirals",0.8148148148148148,"nof_negCharge, nof_HBA, molLogS"
0.8222222222222222,"a_heavy, nof_posCharge, PSA/Area",0.8888888888888888,"C_sp3, Complexity, molVolume",0.9629629629629629,"nof_RotB, C_R0, molVolume",0.8518518518518519,"nof_Fragments, nof_RotB, C_R0",0.8518518518518519,"C_R0, C_R1, molCharge_total",0.8148148148148148,"a_heavy, molPSA, molLogS"
0.8222222222222222,"C_R2, nof_HBA, molLogS",0.8888888888888888,"posCharge/Volume, nof_HBD, molLogP",0.9629629629629629,"nof_RotB, C_R0, molLogP",0.8148148148148148,"PSA/Area, molLogP, molVolume",0.8518518518518519,"C_R0, C_R1, nof_Rings",0.8148148148148148,"a_heavy, molArea, molLogP"
0.8222222222222222,"C_R1, molArea, molLogP",0.8888888888888888,"posCharge/Volume, Complexity, molArea",0.9629629629629629,"nof_RotB, C_R0, molLogS",0.8148148148148148,"PSA/Area, molLogS, molLogP",0.8518518518518519,"C_R0, C_R1, nof_posCharge",0.8148148148148148,"a_heavy, molArea, molPSA"
0.8222222222222222,"C_R1, nof_HBA, molVolume",0.8888888888888888,"posCharge/Volume, nof_posCharge, molLogP",0.9629629629629629,"nof_RotB, C_R0, molArea",0.8148148148148148,"nof_Atoms, molVolume, molWeight",0.8518518518518519,"C_R0, C_R1, nof_negCharge",0.8148148148148148,"a_heavy, PSA/Area, molPSA"
0.8222222222222222,"C_R0, molPSA, molVolume",0.8888888888888888,"posCharge/Volume, a_heavy, Complexity",0.9629629629629629,"nof_RotB, C_R0, PSA/Area",0.8148148148148148,"nof_Atoms, molLogP, molVolume",0.8518518518518519,"C_R0, C_R1, C_R2",0.8148148148148148,"a_heavy, nof_HBA, molWeight"
0.8222222222222222,"C_R0, PSA/Area, molPSA",0.8888888888888888,"posCharge/Volume, C_R2, molLogP",0.9629629629629629,"nof_RotB, C_R0, nof_Atoms",0.8148148148148148,"nof_Atoms, molLogS, molWeight",0.8518518518518519,"C_sp3, molPSA, molVolume",0.8148148148148148,"a_heavy, nof_HBA, molLogS"
0.8222222222222222,"C_R0, nof_HBA, nof_Atoms",0.8888888888888888,"posCharge/Volume, C_R1, molLogP",0.9629629629629629,"nof_RotB, C_R0, nof_Rings",0.8148148148148148,"nof_Atoms, molPSA, molVolume",0.8518518518518519,"C_sp3, Complexity, molArea",0.8148148148148148,"a_heavy, nof_HBA, molPSA"
0.8222222222222222,"C_R0, nof_Rings, molLogP",0.8888888888888888,"negCharge/Volume, nof_Atoms, molLogP",0.9629629629629629,"nof_RotB, C_R0, a_heavy",0.8148148148148148,"nof_Atoms, molPSA, molLogP",0.8518518518518519,"C_sp3, a_heavy, molPSA",0.8148148148148148,"a_heavy, nof_HBA, molArea"
0.8222222222222222,"C_R0, Complexity, molVolume",0.8888888888888888,"negCharge/Volume, nof_Chirals, nof_Atoms",0.9629629629629629,"nof_RotB, C_sp3, molLogP",0.8148148148148148,"nof_Atoms, molPSA, molLogS",0.8518518518518519,"C_sp3, C_R0, molLogS",0.8148148148148148,"a_heavy, nof_HBA, PSA/Area"
0.8222222222222222,"C_R0, C_R1, nof_posCharge",0.8888888888888888,"negCharge/Volume, nof_HBA, molLogP",0.9629629629629629,"nof_RotB, C_sp3, C_R1",0.8148148148148148,"nof_Atoms, molArea, molWeight",0.8518518518518519,"C_sp3, C_R0, C_R1",0.8148148148148148,"a_heavy, molCharge_total, molPSA"
0.8222222222222222,"negCharge/Volume, nof_posCharge, nof_Atoms",0.8888888888888888,"negCharge/Volume, nof_HBA, molLogS",0.9629629629629629,"nof_RotB, posCharge/Volume, molLogP",0.8148148148148148,"nof_Atoms, molArea, molLogS",0.8518518518518519,"posCharge/Volume, molPSA, molVolume",0.8148148148148148,"a_heavy, molCharge_total, nof_HBA"
0.8222222222222222,"nof_RotB, molLogS, molLogP",0.8888888888888888,"negCharge/Volume, nof_HBD, nof_Atoms",0.9629629629629629,"nof_RotB, posCharge/Volume, molLogS",0.8148148148148148,"nof_Atoms, molArea, molPSA",0.8518518518518519,"posCharge/Volume, nof_HBA, molLogP",0.8148148148148148,"a_heavy, nof_posCharge, molLogP"
0.8222222222222222,"nof_RotB, molPSA, molVolume",0.8888888888888888,"negCharge/Volume, Complexity, nof_Atoms",0.9629629629629629,"nof_RotB, negCharge/Volume, molLogP",0.8148148148148148,"nof_Atoms, PSA/Area, molWeight",0.8518518518518519,"posCharge/Volume, nof_HBA, nof_Atoms",0.8148148148148148,"a_heavy, nof_posCharge, molPSA"
0.8222222222222222,"nof_RotB, molArea, molVolume",0.8888888888888888,"negCharge/Volume, nof_posCharge, nof_Atoms",0.9629629629629629,"nof_RotB, negCharge/Volume, molLogS",0.8148148148148148,"nof_Atoms, PSA/Area, molLogP",0.8518518518518519,"posCharge/Volume, nof_Rings, molLogP",0.8148148148148148,"a_heavy, nof_posCharge, PSA/Area"
0.8222222222222222,"nof_RotB, PSA/Area, molVolume",0.8888888888888888,"negCharge/Volume, a_heavy, molLogP",0.9629629629629629,"nof_RotB, negCharge/Volume, PSA/Area",0.8148148148148148,"nof_Chirals, PSA/Area, molVolume",0.8518518518518519,"posCharge/Volume, Complexity, molArea",0.8148148148148148,"a_heavy, nof_posCharge, nof_HBA"
0.8222222222222222,"nof_RotB, nof_Atoms, molArea",0.8888888888888888,"negCharge/Volume, a_heavy, nof_Chirals",0.9629629629629629,"nof_RotB, negCharge/Volume, nof_Chirals",0.8148148148148148,"nof_Chirals, nof_Atoms, PSA/Area",0.8518518518518519,"posCharge/Volume, nof_posCharge, molLogP",0.8148148148148148,"C_R2, nof_HBA, molLogP"
0.8222222222222222,"nof_RotB, nof_HBA, molVolume",0.8888888888888888,"negCharge/Volume, a_heavy, nof_HBD",0.9629629629629629,"nof_RotB, negCharge/Volume, C_sp3",0.8148148148148148,"nof_HBA, nof_Atoms, molVolume",0.8518518518518519,"posCharge/Volume, a_heavy, nof_HBA",0.8148148148148148,"C_R2, nof_HBA, nof_Atoms"
0.8222222222222222,"nof_RotB, molCharge_total, molLogS",0.8888888888888888,"negCharge/Volume, a_heavy, molCharge_total",0.9629629629629629,"nof_Fragments, nof_HBD, nof_Chirals",0.8148148148148148,"nof_HBA, nof_Atoms, molLogS",0.8518518518518519,"posCharge/Volume, C_R0, C_R1",0.8148148148148148,"C_R2, nof_HBD, nof_Atoms"
0.8222222222222222,"nof_RotB, nof_Rings, molLogP",0.8888888888888888,"negCharge/Volume, a_heavy, Complexity",0.9629629629629629,"nof_Fragments, C_R0, C_R1",0.8148148148148148,"nof_HBA, nof_Chirals, PSA/Area",0.8518518518518519,"negCharge/Volume, molPSA, molVolume",0.8148148148148148,"C_R1, nof_Atoms, molPSA"
0.8222222222222222,"nof_RotB, nof_negCharge, nof_Atoms",0.8888888888888888,"negCharge/Volume, a_heavy, nof_posCharge",0.9629629629629629,"nof_Fragments, negCharge/Volume, C_R0",0.8148148148148148,"nof_HBA, nof_Chirals, nof_Atoms",0.8518518518518519,"negCharge/Volume, nof_HBA, molLogP",0.8148148148148148,"C_R1, nof_HBA, molVolume"
0.8222222222222222,"nof_RotB, C_R0, molLogS",0.8888888888888888,"negCharge/Volume, a_heavy, nof_negCharge",0.9629629629629629,"nof_Fragments, nof_RotB, molLogP",0.8148148148148148,"nof_HBD, molVolume, molWeight",0.8518518518518519,"negCharge/Volume, nof_HBA, nof_Atoms",0.8148148148148148,"C_R0, nof_HBA, molWeight"
0.8222222222222222,"nof_Fragments, nof_Atoms, molLogP",0.8888888888888888,"negCharge/Volume, C_R2, nof_Atoms",0.9629629629629629,"nof_Fragments, nof_RotB, nof_Chirals",0.8148148148148148,"nof_HBD, PSA/Area, molWeight",0.8518518518518519,"negCharge/Volume, nof_Rings, molLogP",0.8148148148148148,"C_R0, nof_HBA, molVolume"
0.8222222222222222,"nof_Fragments, nof_Chirals, nof_Atoms",0.8888888888888888,"negCharge/Volume, C_R2, a_heavy",0.9629629629629629,"nof_Fragments, nof_RotB, nof_HBD",0.8148148148148148,"nof_HBD, PSA/Area, molVolume",0.8518518518518519,"negCharge/Volume, Complexity, molArea",0.8148148148148148,"C_R0, nof_HBA, molLogP"
0.8222222222222222,"nof_Fragments, nof_HBA, PSA/Area",0.8888888888888888,"negCharge/Volume, C_R1, nof_Atoms",0.9629629629629629,"nof_Fragments, nof_RotB, molCharge_total",0.8148148148148148,"nof_HBD, nof_Atoms, molWeight",0.8518518518518519,"negCharge/Volume, nof_posCharge, molLogP",0.8148148148148148,"C_R0, nof_HBA, molLogS"
0.8222222222222222,"nof_Fragments, nof_HBD, molLogP",0.8888888888888888,"negCharge/Volume, C_R1, a_heavy",0.9629629629629629,"nof_Fragments, nof_RotB, nof_negCharge",0.8148148148148148,"nof_HBD, nof_Atoms, molPSA",0.8518518518518519,"negCharge/Volume, a_heavy, nof_HBA",0.8148148148148148,"C_R0, nof_HBA, molArea"
0.8222222222222222,"nof_Fragments, nof_HBD, nof_Atoms",0.8888888888888888,"negCharge/Volume, C_R0, nof_Atoms",0.9629629629629629,"nof_Fragments, nof_RotB, C_R0",0.8148148148148148,"nof_HBD, nof_Atoms, PSA/Area",0.8518518518518519,"negCharge/Volume, C_R0, nof_Chirals",0.8148148148148148,"C_R0, nof_HBA, nof_Atoms"
0.8222222222222222,"nof_Fragments, nof_HBD, nof_Chirals",0.8888888888888888,"negCharge/Volume, C_R0, nof_HBD",0.9259259259259259,"molLogS, molLogP, molWeight",0.8148148148148148,"molCharge_total, molArea, molPSA",0.8518518518518519,"negCharge/Volume, C_R0, nof_Rings",0.8148148148148148,"C_R0, nof_Rings, nof_HBA"
0.8222222222222222,"nof_Fragments, molCharge_total, nof_HBA",0.8888888888888888,"negCharge/Volume, C_R0, molCharge_total",0.9259259259259259,"molLogS, molLogP, molVolume",0.8148148148148148,"molCharge_total, nof_Atoms, molWeight",0.8518518518518519,"negCharge/Volume, C_R0, C_R1",0.8148148148148148,"C_R0, a_heavy, nof_HBA"
0.8222222222222222,"nof_Fragments, nof_Rings, nof_HBA",0.8888888888888888,"negCharge/Volume, C_R0, nof_posCharge",0.9259259259259259,"molPSA, molLogP, molVolume",0.8148148148148148,"molCharge_total, nof_Atoms, molVolume",0.8518518518518519,"nof_RotB, molLogS, molLogP",0.8148148148148148,"C_R0, C_R1, molLogP"
0.8222222222222222,"nof_Fragments, Complexity, molPSA",0.8888888888888888,"negCharge/Volume, C_R0, nof_negCharge",0.9259259259259259,"molPSA, molLogS, molWeight",0.8148148148148148,"molCharge_total, nof_Atoms, molArea",0.8518518518518519,"nof_RotB, molPSA, molVolume",0.8148148148148148,"C_R0, C_R1, PSA/Area"
0.8222222222222222,"nof_Fragments, nof_negCharge, molPSA",0.8888888888888888,"negCharge/Volume, posCharge/Volume, molLogP",0.9259259259259259,"molPSA, molLogS, molVolume",0.8148148148148148,"nof_Rings, nof_Atoms, molVolume",0.8518518518518519,"nof_RotB, PSA/Area, molLogS",0.8148148148148148,"C_R0, C_R1, nof_posCharge"
0.8222222222222222,"nof_Fragments, C_R2, nof_HBA",0.8888888888888888,"negCharge/Volume, posCharge/Volume, a_heavy",0.9259259259259259,"molArea, molLogS, molLogP",0.8148148148148148,"Complexity, PSA/Area, molWeight",0.8518518518518519,"nof_RotB, nof_HBD, molLogS",0.8148148148148148,"C_sp3, molPSA, molWeight"
0.8222222222222222,"nof_Fragments, C_R0, nof_HBA",0.8888888888888888,"nof_RotB, molPSA, molLogP",0.9259259259259259,"molArea, molPSA, molLogS",0.8148148148148148,"Complexity, PSA/Area, molVolume",0.8518518518518519,"nof_RotB, Complexity, molArea",0.8148148148148148,"C_sp3, molPSA, molVolume"
0.8222222222222222,"nof_Fragments, negCharge/Volume, C_R0",0.8888888888888888,"nof_RotB, PSA/Area, molPSA",0.9259259259259259,"PSA/Area, molPSA, molLogP",0.8148148148148148,"Complexity, nof_Atoms, PSA/Area",0.8518518518518519,"nof_RotB, nof_posCharge, molLogS",0.8148148148148148,"C_sp3, molPSA, molLogP"
0.8222222222222222,"nof_Fragments, nof_RotB, nof_Chirals",0.8888888888888888,"nof_RotB, nof_Atoms, molLogP",0.9259259259259259,"PSA/Area, molArea, molLogP",0.8148148148148148,"Complexity, nof_Chirals, PSA/Area",0.8518518518518519,"nof_RotB, a_heavy, nof_HBA",0.8148148148148148,"C_sp3, molPSA, molLogS"
0.8222222222222222,"nof_Fragments, nof_RotB, molCharge_total",0.8888888888888888,"nof_RotB, nof_Chirals, nof_Atoms",0.9259259259259259,"nof_Atoms, molLogP, molVolume",0.8148148148148148,"Complexity, nof_HBD, PSA/Area",0.8518518518518519,"nof_RotB, C_R2, molLogP",0.8148148148148148,"C_sp3, molArea, molPSA"
0.8148148148148149,"molPSA, molLogP, molVolume",0.8888888888888888,"nof_RotB, nof_HBA, molLogS",0.9259259259259259,"nof_Atoms, molLogS, molLogP",0.8148148148148148,"nof_posCharge, PSA/Area, molWeight",0.8518518518518519,"nof_RotB, C_R1, molLogP",0.8148148148148148,"C_sp3, nof_Atoms, molPSA"
0.8148148148148149,"molPSA, molLogS, molVolume",0.8888888888888888,"nof_RotB, nof_HBD, nof_Atoms",0.9259259259259259,"nof_Atoms, molPSA, molLogP",0.8148148148148148,"nof_posCharge, PSA/Area, molVolume",0.8518518518518519,"nof_RotB, C_R1, molLogS",0.8148148148148148,"C_sp3, nof_Rings, molPSA"
0.8148148148148149,"molArea, molPSA, molVolume",0.8888888888888888,"nof_RotB, molCharge_total, molWeight",0.9259259259259259,"nof_Atoms, molArea, molLogS",0.8148148148148148,"nof_posCharge, nof_Atoms, molWeight",0.8518518518518519,"nof_RotB, C_R0, molLogP",0.8148148148148148,"C_sp3, Complexity, molLogP"
0.8148148148148149,"molArea, molPSA, molLogP",0.8888888888888888,"nof_RotB, molCharge_total, molLogS",0.9259259259259259,"nof_Atoms, PSA/Area, molLogP",0.8148148148148148,"nof_posCharge, nof_Atoms, molVolume",0.8518518518518519,"nof_RotB, C_R0, nof_Chirals",0.8148148148148148,"C_sp3, Complexity, molLogS"
0.8148148148148149,"nof_Atoms, molArea, molPSA",0.8888888888888888,"nof_RotB, nof_Rings, nof_Atoms",0.9259259259259259,"nof_Atoms, PSA/Area, molLogS",0.8148148148148148,"nof_posCharge, nof_Atoms, molPSA",0.8518518518518519,"nof_RotB, C_R0, nof_HBD",0.8148148148148148,"C_sp3, Complexity, molPSA"
0.8148148148148149,"nof_Atoms, PSA/Area, molLogS",0.8888888888888888,"nof_RotB, Complexity, molVolume",0.9259259259259259,"nof_Chirals, molLogP, molWeight",0.8148148148148148,"nof_posCharge, nof_Atoms, molArea",0.8518518518518519,"nof_RotB, C_R0, C_R2",0.8148148148148148,"C_sp3, C_R2, nof_HBA"
0.8148148148148149,"nof_HBD, molPSA, molVolume",0.8888888888888888,"nof_RotB, nof_posCharge, molCharge_total",0.9259259259259259,"nof_Chirals, molLogS, molLogP",0.8148148148148148,"nof_posCharge, nof_HBD, molVolume",0.8518518518518519,"nof_RotB, C_R0, C_R1",0.8148148148148148,"C_sp3, C_R1, molPSA"
0.8148148148148149,"nof_HBD, nof_HBA, molVolume",0.8888888888888888,"nof_RotB, nof_negCharge, molLogS",0.9259259259259259,"nof_Chirals, PSA/Area, molWeight",0.8148148148148148,"nof_negCharge, molLogP, molWeight",0.8518518518518519,"nof_RotB, posCharge/Volume, molLogS",0.8148148148148148,"C_sp3, C_R0, molPSA"
0.8148148148148149,"molCharge_total, nof_Atoms, molLogP",0.8888888888888888,"nof_RotB, nof_negCharge, nof_Atoms",0.9259259259259259,"nof_Chirals, PSA/Area, molVolume",0.8148148148148148,"nof_negCharge, molPSA, molVolume",0.8518518518518519,"nof_RotB, posCharge/Volume, molCharge_total",0.8148148148148148,"C_sp3, C_R0, nof_HBA"
0.8148148148148149,"nof_Rings, nof_Atoms, molLogP",0.8888888888888888,"nof_RotB, nof_negCharge, molCharge_total",0.9259259259259259,"nof_Chirals, PSA/Area, molLogP",0.8148148148148148,"nof_negCharge, PSA/Area, molLogS",0.8518518518518519,"nof_RotB, posCharge/Volume, C_R0",0.8148148148148148,"posCharge/Volume, molPSA, molWeight"
0.8148148148148149,"Complexity, molLogP, molVolume",0.8888888888888888,"nof_RotB, nof_negCharge, nof_posCharge",0.9259259259259259,"nof_Chirals, PSA/Area, molArea",0.8148148148148148,"nof_negCharge, nof_Atoms, molVolume",0.8518518518518519,"nof_RotB, negCharge/Volume, molLogS",0.8148148148148148,"posCharge/Volume, PSA/Area, molWeight"
0.8148148148148149,"nof_posCharge, Complexity, molArea",0.8888888888888888,"nof_RotB, a_heavy, molLogP",0.9259259259259259,"nof_Chirals, nof_Atoms, molLogP",0.8148148148148148,"nof_negCharge, nof_Atoms, molPSA",0.8518518518518519,"nof_RotB, negCharge/Volume, C_R0",0.8148148148148148,"posCharge/Volume, PSA/Area, molVolume"
0.8148148148148149,"nof_negCharge, nof_Atoms, molPSA",0.8888888888888888,"nof_RotB, a_heavy, PSA/Area",0.9259259259259259,"nof_Chirals, nof_Atoms, molLogS",0.8148148148148148,"nof_negCharge, nof_Atoms, molArea",0.8518518518518519,"nof_Fragments, molLogS, molLogP",0.8148148148148148,"posCharge/Volume, PSA/Area, molArea"
0.8148148148148149,"nof_negCharge, nof_Atoms, PSA/Area",0.8888888888888888,"nof_RotB, a_heavy, nof_HBA",0.9259259259259259,"nof_HBA, molLogP, molWeight",0.8148148148148148,"nof_negCharge, nof_Atoms, PSA/Area",0.8518518518518519,"nof_Fragments, nof_HBA, molLogP",0.8148148148148148,"posCharge/Volume, nof_HBA, molVolume"
0.8148148148148149,"a_heavy, Complexity, molLogP",0.8888888888888888,"nof_RotB, a_heavy, Complexity",0.9259259259259259,"nof_HBA, molLogP, molVolume",0.8148148148148148,"nof_negCharge, nof_HBD, molVolume",0.8518518518518519,"nof_Fragments, nof_HBA, nof_Atoms",0.8148148148148148,"posCharge/Volume, nof_HBA, nof_Atoms"
0.8148148148148149,"a_heavy, Complexity, PSA/Area",0.8888888888888888,"nof_RotB, C_R2, molLogS",0.9259259259259259,"nof_HBA, molLogS, molVolume",0.8148148148148148,"nof_negCharge, molCharge_total, PSA/Area",0.8518518518518519,"nof_Fragments, nof_HBD, molLogS",0.8148148148148148,"posCharge/Volume, nof_posCharge, molArea"
0.8148148148148149,"a_heavy, nof_negCharge, molLogP",0.8888888888888888,"nof_RotB, C_R1, molWeight",0.9259259259259259,"nof_HBA, molPSA, molLogS",0.8148148148148148,"a_heavy, PSA/Area, molLogP",0.8518518518518519,"nof_Fragments, nof_HBD, nof_HBA",0.8148148148148148,"posCharge/Volume, nof_posCharge, PSA/Area"
0.8148148148148149,"C_R2, nof_HBA, nof_Atoms",0.8888888888888888,"nof_RotB, C_sp3, molLogP",0.9259259259259259,"nof_HBA, molArea, molLogP",0.8148148148148148,"a_heavy, nof_Atoms, molWeight",0.8518518518518519,"nof_Fragments, Complexity, molArea",0.8148148148148148,"posCharge/Volume, a_heavy, molPSA"
0.8148148148148149,"C_R0, molLogP, molWeight",0.8888888888888888,"nof_RotB, negCharge/Volume, molLogS",0.9259259259259259,"nof_HBA, PSA/Area, molLogP",0.8148148148148148,"a_heavy, nof_Atoms, molLogS",0.8518518518518519,"nof_Fragments, a_heavy, nof_HBA",0.8148148148148148,"posCharge/Volume, a_heavy, PSA/Area"
0.8148148148148149,"C_R0, nof_HBA, molArea",0.8888888888888888,"nof_RotB, negCharge/Volume, nof_Atoms",0.9259259259259259,"nof_HBA, nof_Chirals, molVolume",0.8148148148148148,"a_heavy, nof_Chirals, nof_Atoms",0.8148148148148148,"molPSA, molVolume, molWeight",0.8148148148148148,"posCharge/Volume, a_heavy, nof_HBA"
0.8148148148148149,"C_R0, C_R1, molLogS",0.8888888888888888,"nof_RotB, negCharge/Volume, nof_HBD",0.9259259259259259,"nof_HBA, nof_Chirals, nof_Atoms",0.8148148148148148,"a_heavy, nof_HBD, nof_Atoms",0.8148148148148148,"molPSA, molLogP, molWeight",0.8148148148148148,"posCharge/Volume, C_R0, C_R1"
0.8148148148148149,"negCharge/Volume, nof_HBA, molLogS",0.8888888888888888,"nof_RotB, negCharge/Volume, a_heavy",0.9259259259259259,"nof_HBD, molLogP, molWeight",0.8148148148148148,"a_heavy, molCharge_total, nof_Atoms",0.8148148148148148,"molPSA, molLogS, molWeight",0.8148148148148148,"negCharge/Volume, molPSA, molWeight"
0.8148148148148149,"negCharge/Volume, C_R0, C_R1",0.8888888888888888,"nof_RotB, negCharge/Volume, C_R0",0.9259259259259259,"nof_HBD, molLogP, molVolume",0.8148148148148148,"a_heavy, Complexity, PSA/Area",0.8148148148148148,"molArea, molPSA, molVolume",0.8148148148148148,"negCharge/Volume, PSA/Area, molVolume"
0.8148148148148149,"nof_RotB, molPSA, molWeight",0.8888888888888888,"nof_Fragments, PSA/Area, molLogP",0.9259259259259259,"nof_HBD, molLogS, molVolume",0.8148148148148148,"a_heavy, nof_posCharge, PSA/Area",0.8148148148148148,"molArea, molPSA, molLogP",0.8148148148148148,"negCharge/Volume, PSA/Area, molArea"
0.8148148148148149,"nof_RotB, molArea, molLogP",0.8888888888888888,"nof_Fragments, nof_Chirals, nof_Atoms",0.9259259259259259,"nof_HBD, PSA/Area, molVolume",0.8148148148148148,"a_heavy, nof_posCharge, nof_Atoms",0.8148148148148148,"molArea, molPSA, molLogS",0.8148148148148148,"negCharge/Volume, nof_HBA, molVolume"
0.8148148148148149,"nof_RotB, nof_Rings, nof_Atoms",0.8888888888888888,"nof_Fragments, nof_HBA, nof_Chirals",0.9259259259259259,"nof_HBD, PSA/Area, molLogS",0.8148148148148148,"C_R1, nof_Atoms, molArea",0.8148148148148148,"PSA/Area, molPSA, molWeight",0.8148148148148148,"negCharge/Volume, Complexity, molLogP"
0.8148148148148149,"nof_RotB, Complexity, molVolume",0.8888888888888888,"nof_Fragments, nof_HBD, PSA/Area",0.9259259259259259,"nof_HBD, nof_Atoms, molWeight",0.8148148148148148,"C_R0, molLogP, molWeight",0.8148148148148148,"PSA/Area, molArea, molPSA",0.8148148148148148,"negCharge/Volume, nof_posCharge, molArea"
0.8148148148148149,"nof_RotB, Complexity, PSA/Area",0.8888888888888888,"nof_Fragments, nof_HBD, nof_Atoms",0.9259259259259259,"nof_HBD, nof_Atoms, molLogP",0.8148148148148148,"C_R0, molLogS, molVolume",0.8148148148148148,"nof_Atoms, molPSA, molVolume",0.8148148148148148,"negCharge/Volume, a_heavy, molLogP"
0.8148148148148149,"nof_RotB, Complexity, nof_HBD",0.8888888888888888,"nof_Fragments, nof_HBD, nof_HBA",0.9259259259259259,"nof_HBD, nof_Atoms, molLogS",0.8148148148148148,"C_R0, molArea, molLogS",0.8148148148148148,"nof_Atoms, molArea, molPSA",0.8148148148148148,"negCharge/Volume, a_heavy, molPSA"
0.8148148148148149,"nof_RotB, a_heavy, molLogP",0.8888888888888888,"nof_Fragments, molCharge_total, PSA/Area",0.9259259259259259,"nof_HBD, nof_Atoms, PSA/Area",0.8148148148148148,"C_R0, PSA/Area, molWeight",0.8148148148148148,"nof_Atoms, PSA/Area, molLogP",0.8148148148148148,"negCharge/Volume, a_heavy, PSA/Area"
0.8148148148148149,"nof_RotB, a_heavy, molPSA",0.8888888888888888,"nof_Fragments, molCharge_total, nof_Chirals",0.9259259259259259,"nof_HBD, nof_Chirals, molWeight",0.8148148148148148,"C_R0, PSA/Area, molPSA",0.8148148148148148,"nof_Chirals, molPSA, molWeight",0.8148148148148148,"negCharge/Volume, a_heavy, nof_HBA"
0.8148148148148149,"nof_RotB, C_R0, molVolume",0.8888888888888888,"nof_Fragments, molCharge_total, nof_HBA",0.9259259259259259,"nof_HBD, nof_Chirals, molVolume",0.8148148148148148,"C_R0, PSA/Area, molArea",0.8148148148148148,"nof_Chirals, molArea, molPSA",0.8148148148148148,"negCharge/Volume, C_R0, C_R1"
0.8148148148148149,"nof_RotB, C_R0, molLogP",0.8888888888888888,"nof_Fragments, nof_Rings, PSA/Area",0.9259259259259259,"nof_HBD, nof_HBA, molLogP",0.8148148148148148,"C_R0, nof_HBA, molLogP",0.8148148148148148,"nof_Chirals, nof_Atoms, molLogP",0.8148148148148148,"negCharge/Volume, posCharge/Volume, molWeight"
0.8148148148148149,"nof_RotB, C_R0, nof_HBA",0.8888888888888888,"nof_Fragments, Complexity, molLogP",0.9259259259259259,"nof_HBD, nof_HBA, molLogS",0.8148148148148148,"C_R0, nof_HBA, molLogS",0.8148148148148148,"nof_Chirals, nof_Atoms, PSA/Area",0.8148148148148148,"negCharge/Volume, posCharge/Volume, molArea"
0.8148148148148149,"nof_Fragments, nof_HBD, molPSA",0.8888888888888888,"nof_Fragments, Complexity, molPSA",0.9259259259259259,"nof_HBD, nof_HBA, molArea",0.8148148148148148,"C_R0, nof_HBA, molPSA",0.8148148148148148,"nof_HBA, molPSA, molWeight",0.8148148148148148,"negCharge/Volume, posCharge/Volume, a_heavy"
0.8148148148148149,"nof_Fragments, molCharge_total, molPSA",0.8888888888888888,"nof_Fragments, Complexity, nof_Chirals",0.9259259259259259,"molCharge_total, molLogP, molVolume",0.8148148148148148,"C_R0, nof_HBA, PSA/Area",0.8148148148148148,"nof_HBA, molArea, molPSA",0.8148148148148148,"nof_RotB, molArea, molVolume"
0.8148148148148149,"nof_Fragments, Complexity, PSA/Area",0.8888888888888888,"nof_Fragments, Complexity, molCharge_total",0.9259259259259259,"molCharge_total, molLogS, molVolume",0.8148148148148148,"C_R0, nof_HBD, molPSA",0.8148148148148148,"nof_HBA, PSA/Area, molLogS",0.8148148148148148,"nof_RotB, nof_Atoms, molLogS"
0.8148148148148149,"nof_Fragments, Complexity, nof_HBA",0.8888888888888888,"nof_Fragments, Complexity, nof_Rings",0.9259259259259259,"molCharge_total, molPSA, molLogP",0.8148148148148148,"C_R0, nof_HBD, molArea",0.8148148148148148,"nof_HBA, nof_Atoms, PSA/Area",0.8148148148148148,"nof_RotB, nof_Atoms, molPSA"
0.8148148148148149,"nof_Fragments, nof_posCharge, nof_Atoms",0.8888888888888888,"nof_Fragments, nof_posCharge, nof_Atoms",0.9259259259259259,"molCharge_total, molPSA, molLogS",0.8148148148148148,"C_R0, molCharge_total, molVolume",0.8148148148148148,"nof_HBD, molPSA, molWeight",0.8148148148148148,"nof_RotB, nof_Atoms, molArea"
0.8148148148148149,"nof_Fragments, nof_posCharge, nof_HBD",0.8888888888888888,"nof_Fragments, nof_posCharge, nof_Chirals",0.9259259259259259,"molCharge_total, molArea, molLogP",0.8148148148148148,"C_R0, molCharge_total, molPSA",0.8148148148148148,"nof_HBD, molArea, molPSA",0.8148148148148148,"nof_RotB, nof_Atoms, PSA/Area"
0.8148148148148149,"nof_Fragments, a_heavy, molLogS",0.8888888888888888,"nof_Fragments, nof_posCharge, nof_HBD",0.9259259259259259,"molCharge_total, molArea, molPSA",0.8148148148148148,"C_R0, nof_Rings, molWeight",0.8148148148148148,"nof_HBD, nof_Atoms, molLogP",0.8148148148148148,"nof_RotB, nof_HBA, molVolume"
0.8148148148148149,"nof_Fragments, C_R0, nof_HBD",0.8888888888888888,"nof_Fragments, nof_negCharge, PSA/Area",0.9259259259259259,"molCharge_total, PSA/Area, molLogP",0.8148148148148148,"C_R0, Complexity, molPSA",0.8148148148148148,"nof_HBD, nof_Atoms, PSA/Area",0.8148148148148148,"nof_RotB, nof_HBA, molLogP"
0.8148148148148149,"nof_Fragments, C_R0, molCharge_total",0.8888888888888888,"nof_Fragments, nof_negCharge, nof_HBA",0.9259259259259259,"molCharge_total, PSA/Area, molLogS",0.8148148148148148,"C_R0, Complexity, nof_HBD",0.8148148148148148,"nof_HBD, nof_HBA, molLogP",0.8148148148148148,"nof_RotB, nof_HBA, molPSA"
0.8148148148148149,"nof_Fragments, nof_RotB, molLogS",0.8888888888888888,"nof_Fragments, nof_negCharge, Complexity",0.9259259259259259,"molCharge_total, nof_Atoms, molLogP",0.8148148148148148,"C_R0, nof_posCharge, molPSA",0.8148148148148148,"molCharge_total, molPSA, molWeight",0.8148148148148148,"nof_RotB, nof_HBA, molArea"
0.8148148148148147,"PSA/Area, molLogP, molVolume",0.8888888888888888,"nof_Fragments, C_R2, molLogP",0.9259259259259259,"molCharge_total, nof_Atoms, molPSA",0.8148148148148148,"C_R0, nof_posCharge, molArea",0.8148148148148148,"molCharge_total, molArea, molPSA",0.8148148148148148,"nof_RotB, nof_HBA, nof_Atoms"
0.8148148148148147,"PSA/Area, molArea, molVolume",0.8888888888888888,"nof_Fragments, C_R2, nof_Atoms",0.9259259259259259,"molCharge_total, nof_Chirals, molLogP",0.8148148148148148,"C_R0, nof_posCharge, nof_HBA",0.8148148148148148,"molCharge_total, nof_Atoms, molLogP",0.8148148148148148,"nof_RotB, nof_HBD, molVolume"
0.8148148148148147,"nof_Atoms, PSA/Area, molPSA",0.8888888888888888,"nof_Fragments, C_R2, nof_Chirals",0.9259259259259259,"molCharge_total, nof_HBA, molLogS",0.8148148148148148,"C_R0, nof_negCharge, molVolume",0.8148148148148148,"molCharge_total, nof_Atoms, PSA/Area",0.8148148148148148,"nof_RotB, nof_HBD, molLogS"
0.8148148148148147,"nof_HBA, molLogP, molVolume",0.8888888888888888,"nof_Fragments, C_R2, nof_HBA",0.9259259259259259,"molCharge_total, nof_HBA, molArea",0.8148148148148148,"C_R0, nof_negCharge, molArea",0.8148148148148148,"molCharge_total, nof_Chirals, nof_Atoms",0.8148148148148148,"nof_RotB, nof_HBD, nof_Atoms"
0.8148148148148147,"nof_HBA, molLogS, molLogP",0.8888888888888888,"nof_Fragments, C_R2, nof_posCharge",0.9259259259259259,"molCharge_total, nof_HBD, molWeight",0.8148148148148148,"C_R0, a_heavy, molLogP",0.8148148148148148,"molCharge_total, nof_HBA, molLogP",0.8148148148148148,"nof_RotB, molCharge_total, nof_HBD"
0.8148148148148147,"nof_HBA, nof_Atoms, molVolume",0.8888888888888888,"nof_Fragments, C_sp3, C_R2",0.9259259259259259,"molCharge_total, nof_HBD, molArea",0.8148148148148148,"C_R0, a_heavy, molLogS",0.8148148148148148,"molCharge_total, nof_HBD, nof_Atoms",0.8148148148148148,"nof_RotB, nof_Rings, PSA/Area"
0.8148148148148147,"nof_HBA, nof_Atoms, molPSA",0.8888888888888888,"nof_Fragments, nof_RotB, molLogP",0.9259259259259259,"nof_Rings, molPSA, molVolume",0.8148148148148148,"C_R0, a_heavy, nof_HBD",0.8148148148148148,"nof_Rings, molPSA, molWeight",0.8148148148148148,"nof_RotB, nof_Rings, nof_HBA"
0.8148148148148147,"nof_HBD, molArea, molVolume",0.8888888888888888,"nof_Fragments, nof_RotB, nof_Atoms",0.9259259259259259,"nof_Rings, molPSA, molLogS",0.8148148148148148,"C_R0, a_heavy, nof_Rings",0.8148148148148148,"nof_Rings, molArea, molPSA",0.8148148148148148,"nof_RotB, Complexity, nof_HBA"
0.8148148148148147,"nof_HBD, nof_Atoms, molLogP",0.8888888888888888,"nof_Fragments, nof_RotB, nof_Chirals",0.9259259259259259,"nof_Rings, PSA/Area, molLogP",0.8148148148148148,"C_R0, a_heavy, Complexity",0.8148148148148148,"nof_Rings, nof_Atoms, molLogP",0.8148148148148148,"nof_RotB, nof_posCharge, PSA/Area"
0.8148148148148147,"molCharge_total, molPSA, molVolume",0.8888888888888888,"nof_Fragments, nof_RotB, nof_HBA",0.9259259259259259,"nof_Rings, nof_Atoms, molLogP",0.8148148148148148,"C_sp3, molLogP, molVolume",0.8148148148148148,"nof_Rings, nof_Atoms, PSA/Area",0.8148148148148148,"nof_RotB, nof_posCharge, nof_Atoms"
0.8148148148148147,"Complexity, nof_Atoms, molPSA",0.8888888888888888,"nof_Fragments, nof_RotB, nof_HBD",0.9259259259259259,"nof_Rings, nof_Chirals, molArea",0.8148148148148148,"C_sp3, molLogS, molVolume",0.8148148148148148,"nof_Rings, nof_Chirals, molLogP",0.8148148148148148,"nof_RotB, a_heavy, molLogS"
0.8148148148148147,"Complexity, nof_HBA, molVolume",0.8888888888888888,"nof_Fragments, nof_RotB, nof_Rings",0.9259259259259259,"nof_Rings, nof_HBA, molVolume",0.8148148148148148,"C_sp3, molArea, molWeight",0.8148148148148148,"nof_Rings, nof_Chirals, molLogS",0.8148148148148148,"nof_RotB, a_heavy, nof_HBA"
0.8148148148148147,"Complexity, nof_HBA, nof_Atoms",0.8888888888888888,"nof_Fragments, nof_RotB, nof_posCharge",0.9259259259259259,"nof_Rings, nof_HBA, molLogS",0.8148148148148148,"C_sp3, molArea, molVolume",0.8148148148148148,"nof_Rings, nof_Chirals, nof_Atoms",0.8148148148148148,"nof_RotB, C_R2, molLogP"
0.8148148148148147,"Complexity, molCharge_total, molVolume",0.8888888888888888,"nof_Fragments, nof_RotB, C_R2",0.9259259259259259,"nof_Rings, nof_HBA, molArea",0.8148148148148148,"C_sp3, PSA/Area, molWeight",0.8148148148148148,"nof_Rings, nof_HBA, PSA/Area",0.8148148148148148,"nof_RotB, C_R2, nof_HBA"
0.8148148148148147,"nof_posCharge, PSA/Area, molVolume",0.8888888888888888,"nof_Fragments, nof_RotB, C_R1",0.9259259259259259,"nof_Rings, nof_HBD, nof_Atoms",0.8148148148148148,"C_sp3, PSA/Area, molPSA",0.8148148148148148,"nof_Rings, nof_HBD, molLogS",0.8148148148148148,"nof_RotB, C_R2, nof_HBD"
0.8148148148148147,"nof_posCharge, PSA/Area, molLogP",0.8888888888888888,"nof_Fragments, nof_RotB, C_R0",0.9259259259259259,"nof_Rings, molCharge_total, molLogP",0.8148148148148148,"C_sp3, PSA/Area, molArea",0.8148148148148148,"nof_Rings, nof_HBD, nof_Atoms",0.8148148148148148,"nof_RotB, C_sp3, molPSA"
0.8148148148148147,"a_heavy, molArea, molLogP",0.8518518518518519,"molArea, molLogP, molVolume",0.9259259259259259,"Complexity, molLogP, molWeight",0.8148148148148148,"C_sp3, nof_Atoms, molArea",0.8148148148148148,"nof_Rings, molCharge_total, nof_Atoms",0.8148148148148148,"nof_RotB, C_sp3, nof_HBA"
0.8148148148148147,"a_heavy, PSA/Area, molLogS",0.8518518518518519,"molArea, molLogS, molLogP",0.9259259259259259,"Complexity, molLogS, molWeight",0.8148148148148148,"C_sp3, nof_Atoms, PSA/Area",0.8148148148148148,"Complexity, molVolume, molWeight",0.8148148148148148,"nof_RotB, posCharge/Volume, nof_Atoms"
0.8148148148148147,"a_heavy, molCharge_total, PSA/Area",0.8518518518518519,"molArea, molPSA, molVolume",0.9259259259259259,"Complexity, molPSA, molLogP",0.8148148148148148,"C_sp3, nof_HBA, nof_Atoms",0.8148148148148148,"Complexity, molArea, molWeight",0.8148148148148148,"nof_RotB, negCharge/Volume, PSA/Area"
0.8148148148148147,"a_heavy, nof_negCharge, PSA/Area",0.8518518518518519,"nof_Atoms, molLogS, molLogP",0.9259259259259259,"Complexity, molArea, molLogP",0.8148148148148148,"C_sp3, molCharge_total, molVolume",0.8148148148148148,"Complexity, molArea, molPSA",0.8148148148148148,"nof_RotB, negCharge/Volume, nof_Atoms"
0.8148148148148147,"C_R2, nof_HBA, molLogP",0.8518518518518519,"nof_Atoms, molPSA, molLogP",0.9259259259259259,"Complexity, molArea, molLogS",0.8148148148148148,"C_sp3, nof_Rings, molVolume",0.8148148148148148,"nof_posCharge, molPSA, molWeight",0.8148148148148148,"nof_RotB, negCharge/Volume, nof_HBD"
0.8148148148148147,"C_R0, molLogP, molVolume",0.8518518518518519,"nof_Atoms, molPSA, molLogS",0.9259259259259259,"Complexity, molArea, molPSA",0.8148148148148148,"C_sp3, Complexity, nof_Atoms",0.8148148148148148,"nof_posCharge, molArea, molPSA",0.8148148148148148,"nof_Fragments, nof_Chirals, molPSA"
0.8148148148148147,"C_R0, molArea, molLogP",0.8518518518518519,"nof_Atoms, PSA/Area, molLogP",0.9259259259259259,"Complexity, PSA/Area, molWeight",0.8148148148148148,"C_sp3, nof_posCharge, molVolume",0.8148148148148148,"nof_posCharge, nof_Atoms, molLogP",0.8148148148148148,"nof_Fragments, nof_Rings, nof_HBA"
0.8148148148148147,"C_R0, molArea, molPSA",0.8518518518518519,"nof_Atoms, PSA/Area, molPSA",0.9259259259259259,"Complexity, PSA/Area, molLogS",0.8148148148148148,"C_sp3, a_heavy, molWeight",0.8148148148148148,"nof_posCharge, nof_Atoms, PSA/Area",0.8148148148148148,"nof_Fragments, Complexity, molLogS"
0.8148148148148147,"C_R0, nof_Rings, molCharge_total",0.8518518518518519,"nof_Chirals, molPSA, molLogP",0.9259259259259259,"Complexity, PSA/Area, molArea",0.8148148148148148,"C_sp3, a_heavy, PSA/Area",0.8148148148148148,"nof_posCharge, nof_Chirals, molLogS",0.8148148148148148,"nof_Fragments, Complexity, molPSA"
0.8148148148148147,"C_sp3, C_R0, nof_HBA",0.8518518518518519,"nof_Chirals, molArea, molLogP",0.9259259259259259,"Complexity, nof_Chirals, molLogP",0.8148148148148148,"C_sp3, a_heavy, nof_Atoms",0.8148148148148148,"nof_posCharge, nof_Chirals, nof_Atoms",0.8148148148148148,"nof_Fragments, Complexity, molCharge_total"
0.8148148148148147,"negCharge/Volume, nof_HBA, molVolume",0.8518518518518519,"nof_Chirals, nof_Atoms, molLogP",0.9259259259259259,"Complexity, nof_Chirals, nof_Atoms",0.8148148148148148,"C_sp3, C_R0, molWeight",0.8148148148148148,"nof_posCharge, nof_HBD, nof_Atoms",0.8148148148148148,"nof_Fragments, a_heavy, molLogS"
0.8148148148148147,"nof_RotB, nof_HBA, molLogP",0.8518518518518519,"nof_Chirals, nof_Atoms, molPSA",0.9259259259259259,"Complexity, nof_HBA, molArea",0.8148148148148148,"C_sp3, C_R0, molPSA",0.8148148148148148,"nof_posCharge, molCharge_total, nof_Atoms",0.8148148148148148,"nof_Fragments, C_R2, molLogP"
0.8148148148148147,"nof_RotB, nof_HBD, molVolume",0.8518518518518519,"nof_HBA, molLogS, molVolume",0.9259259259259259,"Complexity, nof_HBD, molLogP",0.8148148148148148,"negCharge/Volume, nof_Atoms, molWeight",0.8148148148148148,"nof_posCharge, nof_Rings, nof_Atoms",0.8148148148148148,"nof_Fragments, C_R2, PSA/Area"
0.8148148148148147,"nof_RotB, C_R1, molLogS",0.8518518518518519,"nof_HBA, molPSA, molLogP",0.9259259259259259,"Complexity, nof_HBD, molArea",0.8148148148148148,"negCharge/Volume, nof_Atoms, molLogP",0.8148148148148148,"nof_negCharge, molPSA, molWeight",0.8148148148148148,"nof_Fragments, C_R2, nof_HBA"
0.8148148148148147,"nof_RotB, C_sp3, molLogP",0.8518518518518519,"nof_HBA, nof_Atoms, molLogS",0.9259259259259259,"Complexity, nof_HBD, PSA/Area",0.8148148148148148,"negCharge/Volume, nof_Atoms, PSA/Area",0.8148148148148148,"nof_negCharge, molArea, molPSA",0.8148148148148148,"nof_Fragments, C_R2, nof_HBD"
0.8148148148148147,"nof_RotB, negCharge/Volume, nof_Atoms",0.8518518518518519,"nof_HBA, nof_Atoms, PSA/Area",0.9259259259259259,"Complexity, molCharge_total, molLogP",0.8148148148148148,"negCharge/Volume, Complexity, PSA/Area",0.8148148148148148,"nof_negCharge, nof_Atoms, molLogP",0.8148148148148148,"nof_Fragments, C_R1, molPSA"
0.8148148148148147,"nof_Fragments, PSA/Area, molLogS",0.8518518518518519,"nof_HBA, nof_Chirals, molLogP",0.9259259259259259,"Complexity, molCharge_total, molLogS",0.8148148148148148,"nof_RotB, molVolume, molWeight",0.8148148148148148,"nof_negCharge, nof_Atoms, PSA/Area",0.8148148148148148,"nof_Fragments, C_R0, molPSA"
0.8148148148148147,"nof_Fragments, nof_Atoms, molPSA",0.8518518518518519,"nof_HBA, nof_Chirals, molLogS",0.9259259259259259,"Complexity, molCharge_total, molArea",0.8148148148148148,"nof_RotB, molLogP, molVolume",0.8148148148148148,"nof_negCharge, nof_Chirals, molLogS",0.8148148148148148,"nof_Fragments, C_R0, nof_HBA"
0.8148148148148147,"nof_Fragments, nof_Chirals, molLogP",0.8518518518518519,"nof_HBD, molPSA, molLogP",0.9259259259259259,"Complexity, molCharge_total, nof_HBA",0.8148148148148148,"nof_RotB, molLogS, molWeight",0.8148148148148148,"nof_negCharge, nof_Chirals, nof_Atoms",0.8148148148148148,"nof_Fragments, C_R0, nof_posCharge"
0.8148148148148147,"nof_Fragments, nof_Chirals, PSA/Area",0.8518518518518519,"nof_HBD, molArea, molVolume",0.9259259259259259,"Complexity, nof_Rings, PSA/Area",0.8148148148148148,"nof_RotB, molPSA, molVolume",0.8148148148148148,"nof_negCharge, nof_HBA, PSA/Area",0.8148148148148148,"nof_Fragments, C_R0, C_R1"
0.8148148148148147,"nof_Fragments, nof_HBA, molLogP",0.8518518518518519,"nof_HBD, molArea, molLogP",0.9259259259259259,"Complexity, nof_Rings, nof_Atoms",0.8148148148148148,"nof_RotB, molPSA, molLogS",0.8148148148148148,"nof_negCharge, nof_HBD, nof_Atoms",0.8148148148148148,"nof_Fragments, C_sp3, molPSA"
0.8148148148148147,"nof_Fragments, nof_HBD, PSA/Area",0.8518518518518519,"nof_HBD, nof_Atoms, molLogP",0.9259259259259259,"Complexity, nof_Rings, nof_Chirals",0.8148148148148148,"nof_RotB, molArea, molVolume",0.8148148148148148,"nof_negCharge, molCharge_total, nof_Atoms",0.8148148148148148,"nof_Fragments, C_sp3, nof_HBA"
0.8148148148148147,"nof_Fragments, C_R1, molPSA",0.8518518518518519,"nof_HBD, nof_Atoms, molPSA",0.9259259259259259,"nof_posCharge, molLogP, molWeight",0.8148148148148148,"nof_RotB, molArea, molPSA",0.8148148148148148,"nof_negCharge, nof_Rings, nof_Atoms",0.8148148148148148,"nof_Fragments, posCharge/Volume, C_R0"
0.8148148148148147,"nof_Fragments, C_sp3, molLogP",0.8518518518518519,"nof_HBD, nof_HBA, molWeight",0.9259259259259259,"nof_posCharge, molLogP, molVolume",0.8148148148148148,"nof_RotB, nof_Atoms, molLogP",0.8148148148148148,"nof_negCharge, nof_posCharge, nof_Atoms",0.8148148148148148,"nof_Fragments, nof_RotB, molPSA"
0.8148148148148147,"nof_Fragments, negCharge/Volume, molPSA",0.8518518518518519,"nof_HBD, nof_HBA, molVolume",0.9259259259259259,"nof_posCharge, molPSA, molLogP",0.8148148148148148,"nof_RotB, nof_Atoms, molPSA",0.8148148148148148,"a_heavy, molPSA, molWeight",0.8148148148148148,"nof_Fragments, nof_RotB, nof_HBA"
0.8148148148148147,"nof_Fragments, nof_RotB, PSA/Area",0.8518518518518519,"molCharge_total, nof_Atoms, molLogP",0.9259259259259259,"nof_posCharge, molArea, molLogP",0.8148148148148148,"nof_RotB, nof_HBA, nof_Atoms",0.8148148148148148,"a_heavy, molArea, molPSA",0.7777777777777778,"molLogS, molVolume, molWeight"
0.8074074074074075,"molPSA, molLogP, molWeight",0.8518518518518519,"molCharge_total, nof_Atoms, molPSA",0.9259259259259259,"nof_posCharge, molArea, molLogS",0.8148148148148148,"nof_RotB, nof_HBD, molArea",0.8148148148148148,"a_heavy, PSA/Area, molLogP",0.7777777777777778,"molLogS, molLogP, molWeight"
0.8074074074074075,"molPSA, molLogS, molWeight",0.8518518518518519,"molCharge_total, nof_Atoms, PSA/Area",0.9259259259259259,"nof_posCharge, molArea, molPSA",0.8148148148148148,"nof_RotB, molCharge_total, nof_Atoms",0.8148148148148148,"a_heavy, nof_Chirals, molLogP",0.7777777777777778,"molPSA, molLogP, molVolume"
0.8074074074074075,"PSA/Area, molLogS, molVolume",0.8518518518518519,"molCharge_total, nof_HBA, molLogP",0.9259259259259259,"nof_posCharge, PSA/Area, molLogP",0.8148148148148148,"nof_RotB, molCharge_total, nof_HBD",0.8148148148148148,"a_heavy, nof_Chirals, molLogS",0.7777777777777778,"molPSA, molLogS, molWeight"
0.8074074074074075,"PSA/Area, molPSA, molVolume",0.8518518518518519,"nof_Rings, PSA/Area, molVolume",0.9259259259259259,"nof_posCharge, PSA/Area, molLogS",0.8148148148148148,"nof_RotB, nof_Rings, nof_Atoms",0.8148148148148148,"a_heavy, molCharge_total, molLogP",0.7777777777777778,"molPSA, molLogS, molVolume"
0.8074074074074075,"PSA/Area, molArea, molPSA",0.8518518518518519,"nof_Rings, PSA/Area, molPSA",0.9259259259259259,"nof_posCharge, PSA/Area, molArea",0.8148148148148148,"nof_RotB, nof_posCharge, molArea",0.8148148148148148,"a_heavy, nof_Rings, molLogP",0.7777777777777778,"molPSA, molLogS, molLogP"
0.8074074074074075,"nof_HBA, PSA/Area, molVolume",0.8518518518518519,"nof_Rings, nof_Atoms, molPSA",0.9259259259259259,"nof_posCharge, nof_Chirals, molLogP",0.8148148148148148,"nof_RotB, nof_posCharge, nof_Atoms",0.8148148148148148,"a_heavy, nof_Rings, nof_Chirals",0.7777777777777778,"molArea, molLogS, molLogP"
0.8074074074074075,"nof_HBA, nof_Atoms, molArea",0.8518518518518519,"nof_Rings, nof_Chirals, molLogP",0.9259259259259259,"nof_posCharge, nof_Chirals, molLogS",0.8148148148148148,"nof_RotB, nof_negCharge, molArea",0.8148148148148148,"a_heavy, nof_posCharge, molLogP",0.7777777777777778,"molArea, molPSA, molWeight"
0.8074074074074075,"nof_HBA, nof_Chirals, molVolume",0.8518518518518519,"nof_Rings, nof_HBA, PSA/Area",0.9259259259259259,"nof_posCharge, nof_Chirals, molArea",0.8148148148148148,"nof_RotB, a_heavy, molVolume",0.8148148148148148,"a_heavy, nof_negCharge, molLogP",0.7777777777777778,"PSA/Area, molLogS, molWeight"
0.8074074074074075,"nof_Rings, nof_Atoms, molPSA",0.8518518518518519,"nof_Rings, nof_HBA, nof_Atoms",0.9259259259259259,"nof_posCharge, nof_Chirals, nof_Atoms",0.8148148148148148,"nof_RotB, a_heavy, molLogP",0.8148148148148148,"a_heavy, nof_negCharge, nof_Chirals",0.7777777777777778,"PSA/Area, molLogS, molVolume"
0.8074074074074075,"nof_Rings, nof_HBA, molVolume",0.8518518518518519,"nof_Rings, molCharge_total, molLogP",0.9259259259259259,"nof_posCharge, nof_HBA, molLogP",0.8148148148148148,"nof_RotB, C_R1, molWeight",0.8148148148148148,"C_R2, molPSA, molWeight",0.7777777777777778,"PSA/Area, molPSA, molVolume"
0.8074074074074075,"Complexity, nof_Atoms, molArea",0.8518518518518519,"nof_Rings, molCharge_total, nof_HBA",0.9259259259259259,"nof_posCharge, nof_HBA, molLogS",0.8148148148148148,"nof_RotB, C_R1, molLogP",0.8148148148148148,"C_R2, molArea, molPSA",0.7777777777777778,"PSA/Area, molPSA, molLogS"
0.8074074074074075,"Complexity, nof_Chirals, molVolume",0.8518518518518519,"Complexity, molLogP, molVolume",0.9259259259259259,"nof_posCharge, nof_HBA, molArea",0.8148148148148148,"nof_RotB, C_R0, molWeight",0.8148148148148148,"C_R2, PSA/Area, molLogP",0.7777777777777778,"PSA/Area, molArea, molWeight"
0.8074074074074075,"Complexity, nof_HBD, molVolume",0.8518518518518519,"Complexity, molArea, molPSA",0.9259259259259259,"nof_posCharge, molCharge_total, molLogP",0.8148148148148148,"nof_RotB, C_R0, nof_Atoms",0.8148148148148148,"C_R2, nof_Atoms, molLogP",0.7777777777777778,"PSA/Area, molArea, molLogP"
0.8074074074074075,"Complexity, nof_HBD, PSA/Area",0.8518518518518519,"Complexity, PSA/Area, molArea",0.9259259259259259,"nof_posCharge, nof_Rings, molLogP",0.8148148148148148,"nof_RotB, negCharge/Volume, PSA/Area",0.8148148148148148,"C_R2, nof_Atoms, PSA/Area",0.7777777777777778,"PSA/Area, molArea, molLogS"
0.8074074074074075,"nof_posCharge, molPSA, molVolume",0.8518518518518519,"Complexity, nof_Atoms, molVolume",0.9259259259259259,"nof_posCharge, Complexity, molLogP",0.8148148148148148,"nof_Fragments, molLogP, molVolume",0.8148148148148148,"C_R2, nof_Chirals, nof_Atoms",0.7777777777777778,"nof_Atoms, molLogP, molVolume"
0.8074074074074075,"nof_posCharge, nof_Atoms, molLogP",0.8518518518518519,"Complexity, nof_Atoms, molPSA",0.9259259259259259,"nof_posCharge, Complexity, molArea",0.8148148148148148,"nof_Fragments, molLogS, molWeight",0.8148148148148148,"C_R2, nof_HBD, molLogP",0.7777777777777778,"nof_Atoms, molLogS, molLogP"
0.8074074074074075,"nof_posCharge, nof_Atoms, PSA/Area",0.8518518518518519,"Complexity, nof_Atoms, molArea",0.9259259259259259,"nof_posCharge, Complexity, nof_Chirals",0.8148148148148148,"nof_Fragments, molPSA, molWeight",0.8148148148148148,"C_R2, nof_HBD, nof_Atoms",0.7777777777777778,"nof_Atoms, molPSA, molLogP"
0.8074074074074075,"nof_posCharge, nof_HBA, molVolume",0.8518518518518519,"Complexity, nof_Chirals, molVolume",0.9259259259259259,"nof_posCharge, Complexity, nof_Rings",0.8148148148148148,"nof_Fragments, molPSA, molVolume",0.8148148148148148,"C_R2, molCharge_total, nof_Atoms",0.7777777777777778,"nof_Atoms, molArea, molLogP"
0.8074074074074075,"nof_negCharge, Complexity, molVolume",0.8518518518518519,"Complexity, nof_Chirals, molLogS",0.9259259259259259,"nof_negCharge, molLogP, molVolume",0.8148148148148148,"nof_Fragments, molPSA, molLogP",0.8148148148148148,"C_R2, nof_Rings, molLogS",0.7777777777777778,"nof_Atoms, PSA/Area, molLogS"
0.8074074074074075,"a_heavy, molArea, molPSA",0.8518518518518519,"Complexity, nof_Chirals, molArea",0.9259259259259259,"nof_negCharge, molLogS, molWeight",0.8148148148148148,"nof_Fragments, molArea, molWeight",0.8148148148148148,"C_R2, nof_Rings, nof_Atoms",0.7777777777777778,"nof_Atoms, PSA/Area, molArea"
0.8074074074074075,"a_heavy, nof_HBD, molLogP",0.8518518518518519,"Complexity, nof_HBA, molWeight",0.9259259259259259,"nof_negCharge, molLogS, molVolume",0.8148148148148148,"nof_Fragments, molArea, molLogP",0.8148148148148148,"C_R2, nof_posCharge, nof_Atoms",0.7777777777777778,"nof_HBA, molVolume, molWeight"
0.8074074074074075,"a_heavy, nof_posCharge, molLogP",0.8518518518518519,"Complexity, nof_HBA, molVolume",0.9259259259259259,"nof_negCharge, molPSA, molLogS",0.8148148148148148,"nof_Fragments, molArea, molPSA",0.8148148148148148,"C_R2, nof_negCharge, nof_Atoms",0.7777777777777778,"nof_HBA, molLogP, molWeight"
0.8074074074074075,"C_R0, molArea, molVolume",0.8518518518518519,"Complexity, nof_HBA, molLogS",0.9259259259259259,"nof_negCharge, molArea, molLogS",0.8148148148148148,"nof_Fragments, PSA/Area, molWeight",0.8148148148148148,"C_R2, a_heavy, molLogP",0.7777777777777778,"nof_HBA, molLogS, molLogP"
0.8074074074074075,"C_R0, nof_Chirals, PSA/Area",0.8518518518518519,"Complexity, nof_HBD, molArea",0.9259259259259259,"nof_negCharge, molArea, molPSA",0.8148148148148148,"nof_Fragments, PSA/Area, molVolume",0.8148148148148148,"C_R1, molPSA, molWeight",0.7777777777777778,"nof_HBA, molPSA, molWeight"
0.8074074074074075,"C_R0, nof_Rings, PSA/Area",0.8518518518518519,"Complexity, molCharge_total, nof_Atoms",0.9259259259259259,"nof_negCharge, PSA/Area, molLogP",0.8148148148148148,"nof_Fragments, nof_Atoms, molWeight",0.8148148148148148,"C_R1, molPSA, molVolume",0.7777777777777778,"nof_HBA, molPSA, molLogS"
0.8074074074074075,"C_R0, Complexity, molArea",0.8518518518518519,"Complexity, nof_Rings, molArea",0.9259259259259259,"nof_negCharge, PSA/Area, molLogS",0.8148148148148148,"nof_Fragments, nof_Atoms, molLogS",0.8148148148148148,"C_R1, molArea, molVolume",0.7777777777777778,"nof_HBA, molArea, molWeight"
0.8074074074074075,"C_R0, Complexity, nof_HBA",0.8518518518518519,"Complexity, nof_Rings, nof_Atoms",0.9259259259259259,"nof_negCharge, nof_Atoms, molLogP",0.8148148148148148,"nof_Fragments, nof_Atoms, molArea",0.8148148148148148,"C_R1, molArea, molPSA",0.7777777777777778,"nof_HBA, PSA/Area, molWeight"
0.8074074074074075,"C_R0, a_heavy, molLogP",0.8518518518518519,"nof_posCharge, molPSA, molLogP",0.9259259259259259,"nof_negCharge, nof_Chirals, molLogP",0.8148148148148148,"nof_Fragments, nof_Chirals, molWeight",0.8148148148148148,"C_R1, nof_Chirals, molLogP",0.7777777777777778,"nof_HBA, PSA/Area, molLogS"
0.8074074074074075,"C_R0, a_heavy, molPSA",0.8518518518518519,"nof_posCharge, molArea, molLogP",0.9259259259259259,"nof_negCharge, nof_HBA, molVolume",0.8148148148148148,"nof_Fragments, nof_Chirals, molPSA",0.8148148148148148,"C_R1, a_heavy, molPSA",0.7777777777777778,"nof_HBA, nof_Chirals, molWeight"
0.8074074074074075,"C_R0, C_R1, C_R2",0.8518518518518519,"nof_posCharge, nof_Atoms, molLogP",0.9259259259259259,"nof_negCharge, nof_HBA, molLogS",0.8148148148148148,"nof_Fragments, nof_Chirals, PSA/Area",0.8148148148148148,"C_R1, a_heavy, nof_Atoms",0.7777777777777778,"nof_HBA, nof_Chirals, molVolume"
0.8074074074074075,"C_sp3, molLogP, molVolume",0.8518518518518519,"nof_posCharge, nof_Atoms, molPSA",0.9259259259259259,"nof_negCharge, nof_HBD, molVolume",0.8148148148148148,"nof_Fragments, nof_HBA, molVolume",0.8148148148148148,"C_R0, molLogS, molLogP",0.7777777777777778,"nof_HBD, molLogS, molWeight"
0.8074074074074075,"C_sp3, molPSA, molLogP",0.8518518518518519,"nof_posCharge, nof_HBA, molVolume",0.9259259259259259,"nof_negCharge, nof_HBD, molLogP",0.8148148148148148,"nof_Fragments, nof_HBA, nof_Atoms",0.8148148148148148,"C_R0, molPSA, molWeight",0.7777777777777778,"nof_HBD, molLogS, molLogP"
0.8074074074074075,"C_sp3, PSA/Area, molPSA",0.8518518518518519,"nof_posCharge, nof_HBA, molLogP",0.9259259259259259,"nof_negCharge, nof_HBD, molArea",0.8148148148148148,"nof_Fragments, nof_HBA, nof_Chirals",0.8148148148148148,"C_R0, molArea, molVolume",0.7777777777777778,"nof_HBD, molPSA, molLogP"
0.8074074074074075,"C_sp3, Complexity, molVolume",0.8518518518518519,"nof_posCharge, nof_Rings, molLogP",0.9259259259259259,"nof_negCharge, molCharge_total, molLogP",0.8148148148148148,"nof_Fragments, nof_HBD, molVolume",0.8148148148148148,"C_R0, molArea, molPSA",0.7777777777777778,"nof_HBD, molPSA, molLogS"
0.8074074074074075,"negCharge/Volume, nof_HBA, nof_Atoms",0.8518518518518519,"nof_posCharge, Complexity, molVolume",0.9259259259259259,"nof_negCharge, Complexity, molLogP",0.8148148148148148,"nof_Fragments, nof_HBD, molLogS",0.8148148148148148,"C_R0, nof_Atoms, PSA/Area",0.7777777777777778,"nof_HBD, PSA/Area, molLogP"
0.8074074074074075,"negCharge/Volume, nof_HBD, nof_Atoms",0.8518518518518519,"nof_posCharge, Complexity, molLogS",0.9259259259259259,"nof_negCharge, Complexity, molLogS",0.8148148148148148,"nof_Fragments, nof_HBD, molArea",0.8148148148148148,"C_R0, nof_Chirals, molLogP",0.7777777777777778,"nof_HBD, nof_Atoms, PSA/Area"
0.8074074074074075,"negCharge/Volume, C_R0, PSA/Area",0.8518518518518519,"nof_posCharge, Complexity, molArea",0.9259259259259259,"nof_negCharge, Complexity, molArea",0.8148148148148148,"nof_Fragments, molCharge_total, molVolume",0.8148148148148148,"C_R0, nof_HBA, molLogP",0.7777777777777778,"nof_HBD, nof_HBA, molVolume"
0.8074074074074075,"negCharge/Volume, C_R0, nof_HBA",0.8518518518518519,"nof_negCharge, molArea, molVolume",0.9259259259259259,"nof_negCharge, nof_posCharge, molLogP",0.8148148148148148,"nof_Fragments, molCharge_total, molLogS",0.8148148148148148,"C_R0, nof_HBA, nof_Atoms",0.7777777777777778,"nof_HBD, nof_HBA, molLogS"
0.8074074074074075,"nof_RotB, molLogS, molVolume",0.8518518518518519,"nof_negCharge, PSA/Area, molWeight",0.9259259259259259,"a_heavy, molPSA, molLogP",0.8148148148148148,"nof_Fragments, molCharge_total, molArea",0.8148148148148148,"C_R0, nof_HBD, nof_Chirals",0.7777777777777778,"molCharge_total, molLogP, molWeight"
0.8074074074074075,"nof_RotB, molPSA, molLogS",0.8518518518518519,"nof_negCharge, nof_Atoms, molPSA",0.9259259259259259,"a_heavy, PSA/Area, molLogP",0.8148148148148148,"nof_Fragments, molCharge_total, nof_Atoms",0.8148148148148148,"C_R0, molCharge_total, nof_Atoms",0.7777777777777778,"molCharge_total, molLogS, molLogP"
0.8074074074074075,"nof_RotB, molArea, molPSA",0.8518518518518519,"nof_negCharge, nof_Atoms, PSA/Area",0.9259259259259259,"a_heavy, nof_Chirals, molLogP",0.8148148148148148,"nof_Fragments, nof_Rings, molCharge_total",0.8148148148148148,"C_R0, molCharge_total, nof_Chirals",0.7777777777777778,"molCharge_total, molPSA, molWeight"
0.8074074074074075,"nof_RotB, nof_Chirals, molLogP",0.8518518518518519,"nof_negCharge, nof_Chirals, molLogS",0.9259259259259259,"a_heavy, nof_Chirals, molPSA",0.8148148148148148,"nof_Fragments, nof_posCharge, molWeight",0.8148148148148148,"C_R0, molCharge_total, nof_HBA",0.7777777777777778,"molCharge_total, molPSA, molVolume"
0.8074074074074075,"nof_RotB, nof_HBA, PSA/Area",0.8518518518518519,"nof_negCharge, nof_HBA, molVolume",0.9259259259259259,"a_heavy, nof_Chirals, PSA/Area",0.8148148148148148,"nof_Fragments, nof_posCharge, molVolume",0.8148148148148148,"C_R0, nof_Rings, molLogS",0.7777777777777778,"molCharge_total, molPSA, molLogS"
0.8074074074074075,"nof_RotB, nof_HBD, molLogP",0.8518518518518519,"nof_negCharge, nof_HBA, molLogP",0.9259259259259259,"a_heavy, nof_Chirals, nof_Atoms",0.8148148148148148,"nof_Fragments, nof_posCharge, molLogS",0.8148148148148148,"C_R0, nof_Rings, nof_Atoms",0.7777777777777778,"molCharge_total, PSA/Area, molLogP"
0.8074074074074075,"nof_RotB, nof_negCharge, molLogP",0.8518518518518519,"nof_negCharge, nof_HBD, nof_Atoms",0.9259259259259259,"a_heavy, nof_HBA, molLogS",0.8148148148148148,"nof_Fragments, nof_posCharge, nof_Atoms",0.8148148148148148,"C_R0, nof_posCharge, nof_Atoms",0.7777777777777778,"molCharge_total, nof_Atoms, molPSA"
0.8074074074074075,"nof_Fragments, molPSA, molVolume",0.8518518518518519,"nof_negCharge, nof_Rings, molLogP",0.9259259259259259,"a_heavy, nof_HBA, nof_Chirals",0.8148148148148148,"nof_Fragments, nof_posCharge, molCharge_total",0.8148148148148148,"C_R0, nof_posCharge, nof_Rings",0.7777777777777778,"molCharge_total, nof_HBA, molWeight"
0.8074074074074075,"nof_Fragments, nof_Atoms, PSA/Area",0.8518518518518519,"nof_negCharge, Complexity, nof_Atoms",0.9259259259259259,"a_heavy, nof_HBD, nof_Chirals",0.8148148148148148,"nof_Fragments, nof_posCharge, nof_Rings",0.8148148148148148,"C_R0, nof_negCharge, nof_Atoms",0.7777777777777778,"molCharge_total, nof_HBA, molLogP"
0.8074074074074075,"nof_Fragments, nof_HBA, molVolume",0.8518518518518519,"a_heavy, molLogP, molVolume",0.9259259259259259,"a_heavy, molCharge_total, molLogS",0.8148148148148148,"nof_Fragments, nof_negCharge, molVolume",0.8148148148148148,"C_R0, nof_negCharge, nof_HBA",0.7777777777777778,"molCharge_total, nof_HBA, molLogS"
0.8074074074074075,"nof_Fragments, nof_HBD, molLogS",0.8518518518518519,"a_heavy, molLogS, molLogP",0.9259259259259259,"a_heavy, molCharge_total, molPSA",0.8148148148148148,"nof_Fragments, nof_negCharge, molPSA",0.8148148148148148,"C_R0, a_heavy, molPSA",0.7777777777777778,"molCharge_total, nof_HBA, nof_Atoms"
0.8074074074074075,"nof_Fragments, Complexity, molLogP",0.8518518518518519,"a_heavy, nof_Atoms, PSA/Area",0.9259259259259259,"a_heavy, molCharge_total, molArea",0.8148148148148148,"nof_Fragments, nof_negCharge, molArea",0.8148148148148148,"C_R0, C_R2, molLogS",0.7777777777777778,"molCharge_total, nof_HBD, molVolume"
0.8074074074074075,"nof_Fragments, nof_posCharge, PSA/Area",0.8518518518518519,"a_heavy, nof_Chirals, molLogP",0.9259259259259259,"a_heavy, molCharge_total, nof_HBA",0.8148148148148148,"nof_Fragments, nof_negCharge, nof_Rings",0.8148148148148148,"C_R0, C_R2, nof_Chirals",0.7777777777777778,"molCharge_total, nof_HBD, molLogP"
0.8074074074074075,"nof_Fragments, nof_posCharge, molCharge_total",0.8518518518518519,"a_heavy, nof_Chirals, molLogS",0.9259259259259259,"a_heavy, molCharge_total, nof_HBD",0.8148148148148148,"nof_Fragments, a_heavy, molWeight",0.8148148148148148,"C_R0, C_R1, nof_HBA",0.7777777777777778,"nof_Rings, molPSA, molLogS"
0.8074074074074075,"nof_Fragments, nof_negCharge, PSA/Area",0.8518518518518519,"a_heavy, nof_HBD, molLogS",0.9259259259259259,"a_heavy, nof_Rings, molLogP",0.8148148148148148,"nof_Fragments, a_heavy, molVolume",0.8148148148148148,"C_R0, C_R1, nof_HBD",0.7777777777777778,"nof_Rings, PSA/Area, molPSA"
0.8074074074074075,"nof_Fragments, nof_negCharge, nof_HBA",0.8518518518518519,"a_heavy, nof_HBD, molArea",0.9259259259259259,"a_heavy, Complexity, molCharge_total",0.8148148148148148,"nof_Fragments, a_heavy, molLogP",0.8148148148148148,"C_sp3, molPSA, molWeight",0.7777777777777778,"nof_Rings, nof_Atoms, molPSA"
0.8074074074074075,"nof_Fragments, nof_negCharge, Complexity",0.8518518518518519,"a_heavy, molCharge_total, molLogP",0.9259259259259259,"a_heavy, Complexity, nof_Rings",0.8148148148148148,"nof_Fragments, a_heavy, molLogS",0.8148148148148148,"C_sp3, molArea, molPSA",0.7777777777777778,"Complexity, molLogP, molWeight"
0.8074074074074075,"nof_Fragments, C_R0, molPSA",0.8518518518518519,"a_heavy, molCharge_total, nof_Atoms",0.9259259259259259,"a_heavy, nof_posCharge, nof_HBD",0.8148148148148148,"nof_Fragments, a_heavy, molPSA",0.8148148148148148,"C_sp3, nof_HBA, nof_Atoms",0.7777777777777778,"Complexity, molLogP, molVolume"
0.8074074074074075,"nof_Fragments, C_R0, Complexity",0.8518518518518519,"a_heavy, molCharge_total, nof_Chirals",0.9259259259259259,"a_heavy, nof_negCharge, molLogS",0.8148148148148148,"nof_Fragments, a_heavy, nof_Atoms",0.8148148148148148,"C_sp3, nof_negCharge, molLogP",0.7777777777777778,"Complexity, molLogS, molLogP"
0.8074074074074075,"nof_Fragments, C_R0, nof_negCharge",0.8518518518518519,"a_heavy, molCharge_total, nof_HBD",0.9259259259259259,"a_heavy, nof_negCharge, nof_HBA",0.8148148148148148,"nof_Fragments, a_heavy, nof_HBA",0.8148148148148148,"C_sp3, nof_negCharge, nof_Rings",0.7777777777777778,"Complexity, molPSA, molWeight"
0.8074074074074075,"nof_Fragments, C_R0, C_R1",0.8518518518518519,"a_heavy, nof_Rings, molVolume",0.9259259259259259,"a_heavy, nof_negCharge, nof_HBD",0.8148148148148148,"nof_Fragments, a_heavy, molCharge_total",0.8148148148148148,"C_sp3, C_R1, molLogP",0.7777777777777778,"Complexity, molPSA, molVolume"
0.8074074074074075,"nof_Fragments, C_sp3, nof_HBA",0.8518518518518519,"a_heavy, nof_Rings, molLogP",0.9259259259259259,"a_heavy, nof_negCharge, Complexity",0.8148148148148148,"nof_Fragments, a_heavy, nof_posCharge",0.8148148148148148,"posCharge/Volume, molPSA, molWeight",0.7777777777777778,"Complexity, molPSA, molLogP"
0.8074074074074075,"nof_Fragments, posCharge/Volume, Complexity",0.8518518518518519,"a_heavy, nof_Rings, molLogS",0.9259259259259259,"C_R2, molLogP, molWeight",0.8148148148148148,"nof_Fragments, a_heavy, nof_negCharge",0.8148148148148148,"posCharge/Volume, molArea, molPSA",0.7777777777777778,"Complexity, molPSA, molLogS"
0.8074074074074072,"nof_Atoms, molArea, molVolume",0.8518518518518519,"a_heavy, Complexity, molVolume",0.9259259259259259,"C_R2, molLogP, molVolume",0.8148148148148148,"nof_Fragments, C_R0, PSA/Area",0.8148148148148148,"posCharge/Volume, PSA/Area, molLogP",0.7777777777777778,"Complexity, molArea, molLogP"
0.8074074074074072,"nof_Chirals, nof_Atoms, molLogP",0.8518518518518519,"a_heavy, Complexity, molLogS",0.9259259259259259,"C_R2, molLogS, molLogP",0.8148148148148148,"nof_Fragments, C_R0, nof_HBD",0.8148148148148148,"posCharge/Volume, nof_Atoms, molLogP",0.7777777777777778,"Complexity, PSA/Area, molVolume"
0.8074074074074072,"nof_HBA, nof_Atoms, molLogP",0.8518518518518519,"a_heavy, Complexity, molPSA",0.9259259259259259,"C_R2, nof_Chirals, nof_Atoms",0.8148148148148148,"nof_Fragments, C_R0, molCharge_total",0.8148148148148148,"posCharge/Volume, nof_Atoms, PSA/Area",0.7777777777777778,"Complexity, PSA/Area, molLogP"
0.8074074074074072,"nof_HBD, molArea, molLogP",0.8518518518518519,"a_heavy, Complexity, molArea",0.9259259259259259,"C_R2, nof_HBA, molLogS",0.8148148148148148,"nof_Fragments, C_R0, nof_posCharge",0.8148148148148148,"posCharge/Volume, nof_Chirals, nof_Atoms",0.7777777777777778,"Complexity, PSA/Area, molPSA"
0.8074074074074072,"nof_HBD, nof_Atoms, molArea",0.8518518518518519,"a_heavy, Complexity, PSA/Area",0.9259259259259259,"C_R2, Complexity, molLogP",0.8148148148148148,"nof_Fragments, C_sp3, molWeight",0.8148148148148148,"posCharge/Volume, nof_HBA, molLogS",0.7777777777777778,"Complexity, PSA/Area, molArea"
0.8074074074074072,"molCharge_total, molArea, molLogP",0.8518518518518519,"a_heavy, Complexity, nof_HBD",0.9259259259259259,"C_R2, a_heavy, molLogS",0.8148148148148148,"nof_Fragments, C_sp3, molPSA",0.8148148148148148,"posCharge/Volume, nof_HBD, PSA/Area",0.7777777777777778,"Complexity, nof_Atoms, molLogP"
0.8074074074074072,"nof_Rings, PSA/Area, molLogP",0.8518518518518519,"a_heavy, nof_posCharge, molLogP",0.9259259259259259,"C_R2, a_heavy, nof_HBA",0.8148148148148148,"nof_Fragments, C_sp3, PSA/Area",0.8148148148148148,"posCharge/Volume, nof_HBD, nof_Atoms",0.7777777777777778,"Complexity, nof_Atoms, PSA/Area"
0.8074074074074072,"Complexity, nof_Atoms, molLogS",0.8518518518518519,"a_heavy, nof_posCharge, molLogS",0.9259259259259259,"C_R2, a_heavy, molCharge_total",0.8148148148148148,"nof_Fragments, C_sp3, nof_Atoms",0.8148148148148148,"posCharge/Volume, molCharge_total, nof_Atoms",0.7777777777777778,"Complexity, nof_HBA, molWeight"
0.8074074074074072,"a_heavy, nof_HBD, PSA/Area",0.8518518518518519,"a_heavy, nof_posCharge, molCharge_total",0.9259259259259259,"C_R2, a_heavy, nof_negCharge",0.8148148148148148,"nof_Fragments, C_sp3, nof_HBA",0.8148148148148148,"posCharge/Volume, nof_Rings, molLogS",0.7777777777777778,"Complexity, nof_HBD, nof_Atoms"
0.8074074074074072,"C_R0, nof_Chirals, molLogS",0.8518518518518519,"a_heavy, nof_negCharge, molLogP",0.9259259259259259,"C_R1, molLogP, molWeight",0.8148148148148148,"nof_Fragments, C_sp3, nof_negCharge",0.8148148148148148,"posCharge/Volume, nof_Rings, nof_Atoms",0.7777777777777778,"Complexity, molCharge_total, molVolume"
0.8074074074074072,"C_R0, molCharge_total, molVolume",0.8518518518518519,"a_heavy, nof_negCharge, molLogS",0.9259259259259259,"C_R1, molLogS, molLogP",0.8148148148148148,"nof_Fragments, C_sp3, a_heavy",0.8148148148148148,"posCharge/Volume, nof_posCharge, nof_Atoms",0.7777777777777778,"Complexity, molCharge_total, molLogP"
